window_start,window_end
1996-04-24 05:17:00,1996-06-23 05:17:00
1996-05-14 05:38:00,1996-07-13 05:38:00
1996-05-20 02:14:00,1996-07-19 02:14:00
1996-05-22 05:54:00,1996-07-21 05:54:00
1996-06-08 23:38:00,1996-08-07 23:38:00
1996-06-09 12:17:00,1996-08-08 12:17:00
1996-06-16 18:43:00,1996-08-15 18:43:00
1996-06-27 11:54:00,1996-08-26 11:54:00
1996-06-29 16:02:00,1996-08-28 16:02:00
1996-11-02 03:09:00,1997-01-01 03:09:00
1996-11-07 09:58:00,1997-01-06 09:58:00
2007-11-25 18:18:00,2008-01-24 18:18:00
2007-11-28 00:09:00,2008-01-27 00:09:00
2007-12-02 14:58:00,2008-01-31 14:58:00
2007-12-03 07:46:00,2008-02-01 07:46:00
2008-03-31 21:45:00,2008-05-30 21:45:00
2008-04-05 01:44:00,2008-06-04 01:44:00
2008-04-10 06:20:00,2008-06-09 06:20:00
2008-04-11 15:02:00,2008-06-10 15:02:00
2008-04-16 08:46:00,2008-06-15 08:46:00
2008-05-03 10:36:00,2008-07-02 10:36:00
2008-05-11 03:38:00,2008-07-10 03:38:00
2008-05-23 02:44:00,2008-07-22 02:44:00
2008-06-05 22:04:00,2008-08-04 22:04:00
2008-06-20 16:21:00,2008-08-19 16:21:00
2008-06-22 22:40:00,2008-08-21 22:40:00
2008-07-04 18:48:00,2008-09-02 18:48:00
2008-10-30 16:20:00,2008-12-29 16:20:00
2008-11-24 13:36:00,2009-01-23 13:36:00
2008-11-29 04:00:00,2009-01-28 04:00:00
2008-12-13 01:49:00,2009-02-11 01:49:00
2008-12-30 17:21:00,2009-02-28 17:21:00
2009-01-09 08:20:00,2009-03-10 08:20:00
2009-02-01 18:26:00,2009-04-02 18:26:00
2009-02-06 00:27:00,2009-04-07 00:27:00
2009-02-11 07:32:00,2009-04-12 07:32:00
2009-02-19 23:44:00,2009-04-20 23:44:00
2009-03-25 03:18:00,2009-05-24 03:18:00
2009-03-26 11:01:00,2009-05-25 11:01:00
2009-04-01 22:45:00,2009-05-31 22:45:00
2009-04-26 18:28:00,2009-06-25 18:28:00
2009-05-05 05:05:00,2009-07-04 05:05:00
2009-05-31 18:14:00,2009-07-30 18:14:00
2009-08-07 07:55:00,2009-10-06 07:55:00
2009-08-09 18:10:00,2009-10-08 18:10:00
2009-08-12 19:30:00,2009-10-11 19:30:00
2009-08-14 13:35:00,2009-10-13 13:35:00
2009-11-14 06:27:00,2010-01-13 06:27:00
2009-11-19 02:37:00,2010-01-18 02:37:00
2009-11-26 00:23:00,2010-01-25 00:23:00
2010-11-30 09:31:00,2011-01-29 09:31:00
2010-12-04 07:16:00,2011-02-02 07:16:00
2011-11-14 20:49:00,2012-01-13 20:49:00
2011-11-22 11:18:00,2012-01-21 11:18:00
2011-11-23 00:36:00,2012-01-22 00:36:00
2013-12-16 20:06:00,2014-02-14 20:06:00
2017-12-19 19:54:00,2018-02-17 19:54:00
2017-12-28 12:36:00,2018-02-26 12:36:00
2018-05-12 01:51:00,2018-07-11 01:51:00
2018-05-15 20:07:00,2018-07-14 20:07:00
2018-05-20 08:05:00,2018-07-19 08:05:00
2018-05-31 20:46:00,2018-07-30 20:46:00
2018-06-04 00:07:00,2018-08-03 00:07:00
2018-06-07 17:38:00,2018-08-06 17:38:00
2018-06-23 14:36:00,2018-08-22 14:36:00
2018-11-06 23:23:00,2019-01-05 23:23:00
2018-11-15 04:33:00,2019-01-14 04:33:00
2018-11-22 15:12:00,2019-01-21 15:12:00
2018-12-06 09:54:00,2019-02-04 09:54:00
2018-12-12 01:56:00,2019-02-10 01:56:00
2018-12-24 01:08:00,2019-02-22 01:08:00
2018-12-28 16:27:00,2019-02-26 16:27:00
2019-01-08 22:54:00,2019-03-09 22:54:00
2019-01-15 08:58:00,2019-03-16 08:58:00
2019-01-17 13:56:00,2019-03-18 13:56:00
2019-01-22 21:57:00,2019-03-23 21:57:00
2019-01-25 04:38:00,2019-03-26 04:38:00
2019-02-01 15:05:00,2019-04-02 15:05:00
2019-02-18 08:09:00,2019-04-19 08:09:00
2019-02-21 19:27:00,2019-04-22 19:27:00
2019-02-28 23:53:00,2019-04-29 23:53:00
2019-03-11 14:03:00,2019-05-10 14:03:00
2019-05-31 07:10:00,2019-07-30 07:10:00
2019-06-06 00:05:00,2019-08-05 00:05:00
2019-11-06 01:48:00,2020-01-05 01:48:00
2019-11-21 09:35:00,2020-01-20 09:35:00
2019-12-08 02:49:00,2020-02-06 02:49:00
2019-12-20 03:48:00,2020-02-18 03:48:00
2020-01-11 07:59:00,2020-03-11 07:59:00
2020-01-13 09:41:00,2020-03-13 09:41:00
2020-01-17 15:48:00,2020-03-17 15:48:00
2020-02-14 05:47:00,2020-04-14 05:47:00
2020-02-18 12:28:00,2020-04-18 12:28:00
2020-04-22 23:45:00,2020-06-21 23:45:00
2020-05-12 00:18:00,2020-07-11 00:18:00
2020-11-06 10:41:00,2021-01-05 10:41:00
2020-11-09 14:59:00,2021-01-08 14:59:00
2021-05-13 18:00:00,2021-07-12 18:00:00
2023-12-30 04:39:00,2024-02-28 04:39:00
2024-01-01 07:32:00,2024-03-01 07:32:00
