Initial Phase Start,Main Phase Start,SYM-H Minimum Time,Recovery Phase End,Minimum SYM-H (nT),Classification,n_storms_next_60d,mean_symh_next_60d,n_next_60d_ICME,n_next_60d_Undefined,n_next_60d_HSS
1995-03-26 06:25:00,1995-03-26 09:27:00,1995-03-26 13:58:00,1995-03-27 07:14:00,-99,ICME,9,-81.77777777777777,2,3,4
1995-04-06 23:06:00,1995-04-07 02:20:00,1995-04-07 16:24:00,1995-04-10 00:39:00,-163,ICME,8,-69.375,0,3,5
1995-10-02 17:50:00,1995-10-02 20:55:00,1995-10-03 02:22:00,1995-10-04 04:50:00,-55,Undefined,10,-70.9,2,7,1
1995-10-18 11:20:00,1995-10-18 19:44:00,1995-10-19 05:09:00,1995-10-19 18:06:00,-125,ICME,8,-58.5,1,7,0
1995-10-20 02:40:00,1995-10-20 05:52:00,1995-10-20 11:17:00,1995-10-22 21:56:00,-80,Undefined,7,-55.42857142857143,1,6,0
1995-12-03 19:43:00,1995-12-03 22:44:00,1995-12-04 04:00:00,1995-12-04 14:44:00,-50,Undefined,4,-64.0,2,1,1
1996-09-11 23:57:00,1996-09-12 06:46:00,1996-09-12 08:49:00,1996-09-12 10:10:00,-52,HSS,4,-71.5,1,1,2
1996-09-27 21:23:00,1996-09-28 00:24:00,1996-09-28 05:22:00,1996-09-28 10:32:00,-52,HSS,2,-89.5,1,1,0
1997-08-13 23:57:00,1997-08-14 03:03:00,1997-08-14 06:49:00,1997-08-14 13:06:00,-59,HSS,9,-71.11111111111111,3,5,1
1997-10-24 08:20:00,1997-10-24 11:26:00,1997-10-24 13:02:00,1997-10-24 14:29:00,-57,HSS,6,-82.0,3,2,1
1997-12-10 05:25:00,1997-12-10 10:49:00,1997-12-11 10:51:00,1997-12-12 19:49:00,-61,Undefined,3,-71.66666666666667,3,0,0
1998-02-17 10:26:00,1998-02-17 13:34:00,1998-02-18 00:47:00,1998-02-19 06:15:00,-120,ICME,5,-79.4,2,2,1
1998-03-21 06:19:00,1998-03-21 09:46:00,1998-03-21 15:05:00,1998-03-23 04:23:00,-90,HSS,7,-95.57142857142857,3,4,0
1998-03-25 05:06:00,1998-03-25 08:10:00,1998-03-25 15:45:00,1998-03-26 01:11:00,-69,ICME,6,-100.0,2,4,0
1998-07-30 23:36:00,1998-07-31 04:45:00,1998-07-31 08:45:00,1998-07-31 13:09:00,-68,Undefined,9,-109.44444444444444,4,4,1
1998-08-06 22:50:00,1998-08-07 01:50:00,1998-08-07 05:32:00,1998-08-09 00:47:00,-124,Undefined,8,-93.0,3,3,2
1998-09-23 17:58:00,1998-09-23 21:01:00,1998-09-24 07:43:00,1998-09-24 13:27:00,-56,Undefined,10,-109.6,6,1,3
1998-11-05 22:25:00,1998-11-06 01:36:00,1998-11-06 08:12:00,1998-11-07 08:15:00,-64,Undefined,5,-118.4,3,1,1
1999-03-29 06:25:00,1999-03-29 12:15:00,1999-03-29 14:12:00,1999-04-01 14:52:00,-59,HSS,4,-75.0,1,2,1
1999-09-29 17:51:00,1999-09-29 20:54:00,1999-09-30 03:48:00,1999-09-30 20:50:00,-63,HSS,8,-89.375,1,3,4
1999-10-14 07:50:00,1999-10-14 11:00:00,1999-10-15 05:38:00,1999-10-17 21:34:00,-73,HSS,7,-94.57142857142857,2,3,2
1999-12-12 14:22:00,1999-12-12 17:40:00,1999-12-13 08:59:00,1999-12-14 17:23:00,-98,ICME,5,-70.6,1,0,4
2000-01-22 13:37:00,2000-01-22 16:40:00,2000-01-23 02:56:00,2000-01-24 00:33:00,-101,ICME,3,-90.66666666666667,1,0,2
2000-02-06 11:12:00,2000-02-06 14:12:00,2000-02-06 23:50:00,2000-02-08 07:42:00,-55,HSS,4,-90.0,2,2,0
2000-06-26 02:32:00,2000-06-26 05:33:00,2000-06-26 17:41:00,2000-06-27 19:26:00,-80,ICME,11,-112.72727272727273,10,1,0
2000-07-28 03:38:00,2000-07-28 06:38:00,2000-07-28 08:03:00,2000-07-28 09:56:00,-57,ICME,12,-95.33333333333333,6,3,3
2000-08-11 21:52:00,2000-08-12 00:53:00,2000-08-12 10:06:00,2000-08-13 02:22:00,-235,ICME,10,-95.5,4,3,3
2000-09-12 06:22:00,2000-09-12 09:26:00,2000-09-12 18:46:00,2000-09-13 12:05:00,-67,Undefined,15,-100.2,10,4,1
2000-10-02 16:43:00,2000-10-02 19:55:00,2000-10-03 12:26:00,2000-10-03 23:03:00,-77,ICME,11,-106.0909090909091,7,4,0
2001-01-23 10:49:00,2001-01-23 18:41:00,2001-01-24 18:21:00,2001-01-27 23:32:00,-78,Undefined,6,-82.16666666666667,2,3,1
2001-03-28 05:11:00,2001-03-28 08:20:00,2001-03-28 14:03:00,2001-03-29 06:10:00,-92,ICME,11,-127.45454545454545,9,1,1
2001-04-17 22:58:00,2001-04-18 02:03:00,2001-04-18 06:03:00,2001-04-19 08:48:00,-122,ICME,4,-76.0,2,1,1
2001-09-29 06:36:00,2001-09-29 09:41:00,2001-10-01 08:14:00,2001-10-03 06:05:00,-143,Undefined,10,-146.9,9,1,0
2001-11-19 15:11:00,2001-11-19 18:18:00,2001-11-19 21:22:00,2001-11-20 02:48:00,-50,ICME,5,-97.6,2,1,2
2002-04-19 05:30:00,2002-04-19 08:39:00,2002-04-20 06:00:00,2002-04-21 15:21:00,-185,ICME,7,-80.57142857142857,2,5,0
2002-10-14 01:09:00,2002-10-14 04:22:00,2002-10-14 13:50:00,2002-10-14 20:50:00,-88,HSS,6,-81.16666666666667,0,0,6
2003-01-29 15:47:00,2003-01-29 19:10:00,2003-01-29 23:53:00,2003-01-30 19:32:00,-67,Undefined,13,-65.0,2,6,5
2003-02-26 20:56:00,2003-02-26 23:59:00,2003-02-27 21:12:00,2003-02-28 06:06:00,-69,HSS,14,-62.714285714285715,1,6,7
2003-03-17 17:05:00,2003-03-17 20:11:00,2003-03-17 21:20:00,2003-03-18 22:10:00,-67,Undefined,14,-66.57142857142857,2,3,9
2003-04-08 23:25:00,2003-04-09 02:27:00,2003-04-09 07:26:00,2003-04-09 14:23:00,-51,Undefined,16,-74.375,6,3,7
2003-05-11 02:42:00,2003-05-11 06:18:00,2003-05-11 09:06:00,2003-05-11 17:02:00,-51,HSS,12,-84.5,7,4,1
2005-01-07 17:49:00,2005-01-07 20:49:00,2005-01-08 00:05:00,2005-01-09 07:58:00,-112,ICME,8,-70.375,2,0,6
2005-02-07 14:46:00,2005-02-07 17:53:00,2005-02-07 21:29:00,2005-02-10 20:14:00,-68,HSS,4,-76.75,1,0,3
2005-08-24 06:12:00,2005-08-24 09:54:00,2005-08-24 11:50:00,2005-08-25 17:55:00,-179,ICME,9,-81.77777777777777,3,4,2
2005-09-12 14:56:00,2005-09-12 17:56:00,2005-09-12 21:01:00,2005-09-15 07:25:00,-91,HSS,4,-70.0,2,1,1
2006-04-13 21:28:00,2006-04-14 00:28:00,2006-04-14 09:21:00,2006-04-19 20:59:00,-111,Undefined,3,-57.333333333333336,0,0,3
2006-05-07 02:40:00,2006-05-07 05:40:00,2006-05-07 09:05:00,2006-05-08 07:42:00,-51,HSS,0,,0,0,0
2007-01-29 11:06:00,2007-01-29 14:06:00,2007-01-29 22:07:00,2007-01-30 18:51:00,-54,HSS,1,-79.0,0,0,1
2010-02-15 15:15:00,2010-02-15 18:37:00,2010-02-16 00:06:00,2010-02-17 16:09:00,-65,Undefined,2,-85.5,2,0,0
2010-04-05 06:48:00,2010-04-05 17:54:00,2010-04-06 07:40:00,2010-04-07 11:19:00,-90,ICME,5,-69.2,2,1,2
2011-03-01 07:10:00,2011-03-01 10:25:00,2011-03-01 14:22:00,2011-03-03 11:00:00,-71,HSS,4,-74.0,0,0,4
2011-05-28 03:19:00,2011-05-28 06:43:00,2011-05-28 11:11:00,2011-05-29 04:21:00,-94,ICME,3,-58.333333333333336,1,2,0
2012-01-22 06:10:00,2012-01-22 14:42:00,2012-01-23 03:49:00,2012-01-24 15:03:00,-88,ICME,8,-81.125,5,1,2
2012-03-07 01:28:00,2012-03-07 04:29:00,2012-03-07 06:52:00,2012-03-08 10:44:00,-98,HSS,6,-89.33333333333333,2,3,1
2012-04-04 19:50:00,2012-04-04 22:55:00,2012-04-05 07:52:00,2012-04-05 18:09:00,-70,Undefined,5,-70.2,2,1,2
2012-07-15 02:18:00,2012-07-15 05:18:00,2012-07-15 10:04:00,2012-07-18 13:32:00,-123,Undefined,2,-81.0,1,1,0
2013-05-25 23:36:00,2013-05-26 02:37:00,2013-05-26 05:47:00,2013-05-27 11:17:00,-53,ICME,6,-91.66666666666667,3,2,1
2013-10-14 11:04:00,2013-10-14 14:04:00,2013-10-15 03:18:00,2013-10-15 13:36:00,-52,HSS,4,-62.25,0,1,3
2013-11-10 16:27:00,2013-11-10 19:27:00,2013-11-11 07:13:00,2013-11-12 03:14:00,-68,HSS,1,-72.0,0,0,1
2014-04-11 13:50:00,2014-04-11 16:52:00,2014-04-12 08:30:00,2014-04-14 16:15:00,-92,Undefined,5,-64.2,2,3,0
2014-10-20 06:52:00,2014-10-20 09:53:00,2014-10-20 17:10:00,2014-10-23 20:59:00,-57,HSS,3,-57.333333333333336,1,1,1
2015-03-02 01:26:00,2015-03-02 04:30:00,2015-03-02 08:51:00,2015-03-03 04:09:00,-70,HSS,6,-100.33333333333333,5,0,1
2015-04-10 13:39:00,2015-04-10 16:42:00,2015-04-11 09:36:00,2015-04-12 11:50:00,-89,ICME,5,-79.6,1,1,3
2015-05-10 17:54:00,2015-05-10 20:54:00,2015-05-11 04:01:00,2015-05-11 23:33:00,-57,ICME,7,-98.28571428571429,2,2,3
2015-05-11 21:25:00,2015-05-12 00:27:00,2015-05-12 11:34:00,2015-05-12 21:24:00,-50,Undefined,6,-106.33333333333333,2,1,3
2015-06-22 16:15:00,2015-06-22 19:17:00,2015-06-23 04:26:00,2015-06-24 13:24:00,-208,ICME,7,-76.28571428571429,3,1,3
2015-09-20 03:17:00,2015-09-20 06:20:00,2015-09-20 11:05:00,2015-09-21 10:17:00,-84,ICME,7,-74.57142857142857,2,1,4
2015-10-03 21:05:00,2015-10-04 00:21:00,2015-10-04 07:33:00,2015-10-04 21:03:00,-52,HSS,6,-78.33333333333333,2,1,3
2015-11-03 01:35:00,2015-11-03 08:09:00,2015-11-03 12:43:00,2015-11-04 03:54:00,-60,HSS,6,-96.83333333333333,4,1,1
2016-02-16 12:13:00,2016-02-16 15:18:00,2016-02-18 00:28:00,2016-02-20 12:51:00,-60,HSS,8,-65.5,3,3,2
2016-05-01 14:05:00,2016-05-01 17:09:00,2016-05-02 03:19:00,2016-05-02 14:55:00,-56,HSS,2,-80.0,0,0,2
2016-08-03 01:58:00,2016-08-03 05:06:00,2016-08-03 06:49:00,2016-08-03 08:46:00,-63,HSS,8,-61.5,0,0,8
2016-09-26 19:47:00,2016-09-26 22:47:00,2016-09-27 09:07:00,2016-09-27 16:44:00,-51,HSS,9,-67.22222222222223,2,1,6
2016-09-28 10:09:00,2016-09-28 13:14:00,2016-09-29 09:32:00,2016-09-30 10:19:00,-64,HSS,8,-67.625,2,1,5
2016-11-02 07:23:00,2016-11-02 10:52:00,2016-11-03 08:51:00,2016-11-03 20:04:00,-52,Undefined,3,-54.333333333333336,1,0,2
2016-12-21 10:26:00,2016-12-21 13:28:00,2016-12-23 21:07:00,2016-12-24 21:42:00,-55,HSS,0,,0,0,0
2017-04-04 02:03:00,2017-04-04 05:11:00,2017-04-04 07:06:00,2017-04-04 13:46:00,-50,ICME,2,-97.5,1,0,1
2017-07-16 16:46:00,2017-07-16 19:46:00,2017-07-17 15:53:00,2017-07-19 16:00:00,-60,HSS,5,-88.4,2,1,2
2017-08-22 15:50:00,2017-08-22 19:36:00,2017-08-23 12:35:00,2017-08-24 15:05:00,-52,ICME,6,-88.66666666666667,1,1,4
2017-08-31 05:31:00,2017-08-31 08:32:00,2017-08-31 11:48:00,2017-08-31 23:59:00,-64,HSS,5,-93.6,1,1,3
2017-09-07 20:03:00,2017-09-07 23:04:00,2017-09-08 01:09:00,2017-09-08 11:19:00,-146,ICME,4,-80.5,0,1,3
2017-09-27 16:04:00,2017-09-27 19:15:00,2017-09-28 05:55:00,2017-09-29 07:07:00,-74,HSS,3,-72.33333333333333,0,0,3
2018-02-27 07:37:00,2018-02-27 10:42:00,2018-02-27 13:03:00,2018-02-27 21:28:00,-60,ICME,2,-69.5,1,0,1
2018-10-07 07:32:00,2018-10-07 12:14:00,2018-10-07 21:53:00,2018-10-10 09:13:00,-56,HSS,1,-66.0,0,0,1
2019-05-14 01:05:00,2019-05-14 04:05:00,2019-05-14 07:54:00,2019-05-15 03:33:00,-80,ICME,0,,0,0,0
2020-09-25 15:52:00,2020-09-25 18:55:00,2020-09-25 23:12:00,2020-09-26 11:56:00,-66,Undefined,2,-59.0,0,0,2
2021-09-17 15:41:00,2021-09-17 18:57:00,2021-09-17 21:21:00,2021-09-18 12:08:00,-73,Undefined,5,-76.4,3,2,0
2022-03-13 10:46:00,2022-03-13 16:25:00,2022-03-13 18:09:00,2022-03-13 22:12:00,-75,ICME,4,-81.5,2,0,2
2022-04-13 23:11:00,2022-04-14 02:22:00,2022-04-14 22:39:00,2022-04-15 04:26:00,-86,ICME,1,-59.0,0,0,1
2022-05-27 16:42:00,2022-05-27 19:49:00,2022-05-28 07:15:00,2022-05-28 22:27:00,-59,HSS,4,-68.0,2,1,1
2022-11-30 10:18:00,2022-11-30 13:18:00,2022-11-30 19:18:00,2022-12-02 23:48:00,-80,HSS,5,-65.6,1,1,3
2022-12-26 07:07:00,2022-12-26 10:07:00,2022-12-27 08:02:00,2022-12-28 22:51:00,-73,Undefined,7,-65.0,1,2,4
2023-07-16 17:27:00,2023-07-16 20:39:00,2023-07-16 23:22:00,2023-07-17 06:16:00,-60,Undefined,7,-69.85714285714286,0,7,0
2023-08-04 17:52:00,2023-08-04 20:52:00,2023-08-05 01:50:00,2023-08-05 02:55:00,-57,Undefined,9,-72.44444444444444,1,8,0
2023-09-12 11:18:00,2023-09-12 14:45:00,2023-09-12 22:02:00,2023-09-14 04:03:00,-84,Undefined,12,-77.91666666666667,2,7,3
2023-09-30 01:44:00,2023-09-30 04:44:00,2023-10-01 00:01:00,2023-10-02 23:43:00,-55,Undefined,9,-86.33333333333333,2,3,4
2023-10-04 17:29:00,2023-10-04 20:30:00,2023-10-05 03:19:00,2023-10-05 22:27:00,-60,Undefined,9,-94.77777777777777,2,3,4
2023-12-01 07:18:00,2023-12-01 10:21:00,2023-12-01 13:30:00,2023-12-03 16:21:00,-136,Undefined,3,-92.0,1,2,0
2023-12-16 16:19:00,2023-12-16 19:47:00,2023-12-17 16:18:00,2023-12-18 05:41:00,-92,Undefined,1,-98.0,1,0,0
2024-08-27 19:51:00,2024-08-27 22:58:00,2024-08-28 06:25:00,2024-08-29 03:02:00,-95,Undefined,7,-146.42857142857142,4,1,2
