Storm Number;Initial Phase Start;Main Phase Start;SYM-H Minimum Time;Recovery Phase End;Minimum SYM-H (nT);Classification
2;1995-01-29 14:28:00;1995-01-29 17:30:00;1995-01-29 23:03:00;1995-01-30 12:59:00;-55;HSS
3;1995-02-07 17:23:00;1995-02-07 20:30:00;1995-02-08 09:50:00;1995-02-08 19:46:00;-93;ICME
5;1995-02-27 02:25:00;1995-02-27 05:33:00;1995-02-28 08:50:00;1995-03-01 06:13:00;-77;Undefined
6;1995-03-01 03:53:00;1995-03-01 06:53:00;1995-03-01 10:20:00;1995-03-01 19:33:00;-51;Undefined
7;1995-03-04 09:21:00;1995-03-04 12:26:00;1995-03-04 21:54:00;1995-03-05 17:34:00;-93;ICME
8;1995-03-11 18:07:00;1995-03-11 21:13:00;1995-03-12 03:35:00;1995-03-14 17:28:00;-73;HSS
9;1995-03-26 06:25:00;1995-03-26 09:27:00;1995-03-26 13:58:00;1995-03-27 07:14:00;-99;ICME
10;1995-04-01 14:15:00;1995-04-01 17:20:00;1995-04-02 04:33:00;1995-04-02 22:13:00;-73;ICME
11;1995-04-06 23:06:00;1995-04-07 02:20:00;1995-04-07 16:24:00;1995-04-10 00:39:00;-163;ICME
12;1995-04-23 04:14:00;1995-04-23 07:21:00;1995-04-23 10:00:00;1995-04-24 10:21:00;-52;HSS
13;1995-05-02 06:37:00;1995-05-02 09:41:00;1995-05-02 17:00:00;1995-05-02 23:42:00;-74;Undefined
14;1995-05-02 20:50:00;1995-05-02 23:53:00;1995-05-03 06:13:00;1995-05-04 16:29:00;-75;HSS
15;1995-05-04 13:27:00;1995-05-04 16:30:00;1995-05-05 06:25:00;1995-05-06 18:07:00;-71;Undefined
16;1995-05-06 23:31:00;1995-05-07 02:34:00;1995-05-08 01:50:00;1995-05-09 04:42:00;-57;Undefined
17;1995-05-16 09:15:00;1995-05-16 12:21:00;1995-05-16 22:19:00;1995-05-18 16:46:00;-93;HSS
18;1995-05-23 17:09:00;1995-05-23 20:10:00;1995-05-24 05:42:00;1995-05-25 12:57:00;-78;HSS
19;1995-05-31 02:05:00;1995-05-31 05:06:00;1995-06-01 05:19:00;1995-06-02 00:42:00;-55;HSS
20;1995-06-30 10:59:00;1995-06-30 14:07:00;1995-07-01 01:47:00;1995-07-01 11:35:00;-55;ICME
21;1995-07-16 16:51:00;1995-07-16 20:00:00;1995-07-17 00:16:00;1995-07-17 17:22:00;-63;HSS
23;1995-08-22 15:48:00;1995-08-22 19:00:00;1995-08-23 04:05:00;1995-08-23 15:50:00;-58;ICME
24;1995-09-05 06:55:00;1995-09-05 10:24:00;1995-09-05 20:28:00;1995-09-07 06:49:00;-66;HSS
25;1995-09-07 03:43:00;1995-09-07 06:54:00;1995-09-08 09:56:00;1995-09-09 23:33:00;-63;Undefined
26;1995-09-14 21:22:00;1995-09-15 00:30:00;1995-09-15 11:05:00;1995-09-16 00:06:00;-57;Undefined
27;1995-09-27 06:48:00;1995-09-27 09:49:00;1995-09-27 20:17:00;1995-09-28 04:37:00;-114;ICME
28;1995-10-02 17:50:00;1995-10-02 20:55:00;1995-10-03 02:22:00;1995-10-04 04:50:00;-55;Undefined
29;1995-10-04 04:38:00;1995-10-04 07:49:00;1995-10-04 13:10:00;1995-10-06 07:29:00;-94;HSS
30;1995-10-07 00:50:00;1995-10-07 03:51:00;1995-10-07 06:11:00;1995-10-09 04:00:00;-71;Undefined
31;1995-10-09 00:27:00;1995-10-09 04:09:00;1995-10-09 09:12:00;1995-10-10 11:53:00;-55;Undefined
32;1995-10-18 11:20:00;1995-10-18 19:44:00;1995-10-19 05:09:00;1995-10-19 18:06:00;-125;ICME
33;1995-10-20 02:40:00;1995-10-20 05:52:00;1995-10-20 11:17:00;1995-10-22 21:56:00;-80;Undefined
34;1995-10-22 19:00:00;1995-10-22 22:01:00;1995-10-23 01:22:00;1995-10-24 09:43:00;-53;Undefined
35;1995-10-30 09:52:00;1995-10-30 12:58:00;1995-10-30 16:40:00;1995-10-31 08:36:00;-51;Undefined
36;1995-10-31 11:31:00;1995-10-31 14:36:00;1995-11-01 04:19:00;1995-11-03 04:38:00;-63;Undefined
37;1995-11-05 16:00:00;1995-11-05 19:16:00;1995-11-06 01:42:00;1995-11-07 19:51:00;-53;Undefined
38;1995-12-01 07:38:00;1995-12-01 10:52:00;1995-12-01 17:30:00;1995-12-02 21:06:00;-64;ICME
39;1995-12-03 19:43:00;1995-12-03 22:44:00;1995-12-04 04:00:00;1995-12-04 14:44:00;-50;Undefined
40;1995-12-15 22:52:00;1995-12-16 02:03:00;1995-12-16 03:40:00;1995-12-16 18:28:00;-54;Undefined
41;1995-12-24 05:59:00;1995-12-24 09:28:00;1995-12-24 14:36:00;1995-12-25 12:42:00;-56;ICME
42;1996-01-12 23:13:00;1996-01-13 02:14:00;1996-01-13 09:52:00;1996-01-14 08:58:00;-89;ICME
43;1996-01-14 14:06:00;1996-01-14 17:08:00;1996-01-15 02:19:00;1996-01-17 00:24:00;-57;HSS
44;1996-02-10 22:25:00;1996-02-11 01:27:00;1996-02-11 03:14:00;1996-02-11 05:57:00;-55;HSS
45;1996-03-10 20:16:00;1996-03-10 23:20:00;1996-03-11 03:50:00;1996-03-11 10:42:00;-61;HSS
46;1996-03-20 17:56:00;1996-03-20 20:56:00;1996-03-21 00:12:00;1996-03-21 07:38:00;-57;HSS
47;1996-03-21 16:49:00;1996-03-21 19:49:00;1996-03-21 22:22:00;1996-03-22 07:49:00;-65;HSS
48;1996-03-23 17:45:00;1996-03-23 21:03:00;1996-03-24 01:50:00;1996-03-24 05:31:00;-50;Undefined
49;1996-03-24 17:26:00;1996-03-24 20:27:00;1996-03-25 01:31:00;1996-03-25 09:31:00;-57;HSS
50;1996-03-25 06:49:00;1996-03-25 09:55:00;1996-03-25 16:19:00;1996-03-26 09:02:00;-50;HSS
51;1996-04-14 18:33:00;1996-04-14 21:54:00;1996-04-15 00:58:00;1996-04-16 21:35:00;-56;Undefined
52;1996-04-16 22:33:00;1996-04-17 01:43:00;1996-04-17 16:24:00;1996-04-17 21:10:00;-59;HSS
53;1996-04-17 18:13:00;1996-04-17 21:18:00;1996-04-17 23:37:00;1996-04-18 22:52:00;-53;HSS
54;1996-08-28 20:27:00;1996-08-28 23:30:00;1996-08-29 04:54:00;1996-08-30 02:45:00;-53;HSS
55;1996-09-11 23:57:00;1996-09-12 06:46:00;1996-09-12 08:49:00;1996-09-12 10:10:00;-52;HSS
56;1996-09-22 19:28:00;1996-09-22 22:30:00;1996-09-23 07:16:00;1996-09-24 10:37:00;-55;HSS
57;1996-09-27 21:23:00;1996-09-28 00:24:00;1996-09-28 05:22:00;1996-09-28 10:32:00;-52;HSS
58;1996-10-18 18:36:00;1996-10-18 21:48:00;1996-10-20 01:29:00;1996-10-21 04:52:00;-56;Undefined
59;1996-10-22 18:24:00;1996-10-22 21:30:00;1996-10-23 03:32:00;1996-10-24 13:17:00;-123;ICME
60;1997-01-10 00:54:00;1997-01-10 03:57:00;1997-01-10 09:21:00;1997-01-10 21:57:00;-85;ICME
62;1997-02-11 01:51:00;1997-02-11 05:04:00;1997-02-11 09:10:00;1997-02-11 16:48:00;-52;Undefined
63;1997-02-16 13:00:00;1997-02-16 16:00:00;1997-02-17 08:14:00;1997-02-17 15:39:00;-57;Undefined
64;1997-02-27 17:42:00;1997-02-27 20:43:00;1997-02-28 04:51:00;1997-03-02 15:20:00;-84;HSS
65;1997-03-28 08:53:00;1997-03-28 12:49:00;1997-03-28 23:54:00;1997-03-29 08:27:00;-63;HSS
66;1997-04-10 19:42:00;1997-04-10 22:42:00;1997-04-11 04:38:00;1997-04-11 14:04:00;-91;ICME
67;1997-04-16 15:58:00;1997-04-16 19:00:00;1997-04-17 05:05:00;1997-04-18 06:17:00;-85;HSS
68;1997-04-21 12:10:00;1997-04-21 15:10:00;1997-04-21 23:29:00;1997-04-23 02:33:00;-100;ICME
69;1997-05-01 13:47:00;1997-05-01 16:59:00;1997-05-02 00:09:00;1997-05-02 21:27:00;-80;HSS
71;1997-05-26 09:58:00;1997-05-26 16:50:00;1997-05-27 04:58:00;1997-05-28 13:30:00;-85;ICME
72;1997-06-08 13:48:00;1997-06-08 16:55:00;1997-06-09 05:20:00;1997-06-10 14:26:00;-89;ICME
73;1997-08-13 23:57:00;1997-08-14 03:03:00;1997-08-14 06:49:00;1997-08-14 13:06:00;-59;HSS
74;1997-08-28 00:01:00;1997-08-28 03:02:00;1997-08-28 05:01:00;1997-08-28 23:38:00;-54;Undefined
76;1997-09-10 07:12:00;1997-09-10 10:12:00;1997-09-10 22:20:00;1997-09-11 08:23:00;-54;Undefined
77;1997-09-14 18:52:00;1997-09-14 21:53:00;1997-09-15 09:03:00;1997-09-16 10:13:00;-51;Undefined
78;1997-09-17 12:58:00;1997-09-17 16:04:00;1997-09-18 04:25:00;1997-09-19 00:11:00;-70;Undefined
79;1997-09-27 21:44:00;1997-09-28 00:47:00;1997-09-28 06:52:00;1997-09-28 15:46:00;-54;HSS
80;1997-10-01 00:57:00;1997-10-01 08:30:00;1997-10-01 15:59:00;1997-10-02 23:19:00;-100;ICME
81;1997-10-08 08:24:00;1997-10-08 11:27:00;1997-10-09 05:36:00;1997-10-09 16:32:00;-53;Undefined
82;1997-10-09 13:55:00;1997-10-09 17:02:00;1997-10-10 07:32:00;1997-10-10 15:07:00;-65;ICME
83;1997-10-10 14:14:00;1997-10-10 17:27:00;1997-10-11 02:54:00;1997-10-12 00:51:00;-139;ICME
84;1997-10-24 08:20:00;1997-10-24 11:26:00;1997-10-24 13:02:00;1997-10-24 14:29:00;-57;HSS
85;1997-10-24 18:18:00;1997-10-24 21:26:00;1997-10-25 02:41:00;1997-10-28 05:56:00;-67;HSS
86;1997-11-06 20:47:00;1997-11-06 23:53:00;1997-11-07 03:46:00;1997-11-07 19:52:00;-125;ICME
87;1997-11-09 19:58:00;1997-11-09 22:58:00;1997-11-10 01:44:00;1997-11-10 18:23:00;-53;Undefined
88;1997-11-22 08:53:00;1997-11-22 11:59:00;1997-11-22 12:26:00;1997-11-22 19:30:00;-65;ICME
89;1997-11-22 17:58:00;1997-11-22 21:00:00;1997-11-23 02:43:00;1997-11-24 22:53:00;-121;ICME
90;1997-12-10 05:25:00;1997-12-10 10:49:00;1997-12-11 10:51:00;1997-12-12 19:49:00;-61;Undefined
91;1997-12-30 09:30:00;1997-12-30 12:47:00;1997-12-30 18:44:00;1997-12-31 23:27:00;-71;ICME
92;1998-01-06 14:15:00;1998-01-06 20:59:00;1998-01-07 03:09:00;1998-01-08 02:48:00;-84;ICME
93;1998-01-29 18:59:00;1998-01-29 22:10:00;1998-01-30 12:22:00;1998-01-31 15:06:00;-60;ICME
94;1998-02-17 10:26:00;1998-02-17 13:34:00;1998-02-18 00:47:00;1998-02-19 06:15:00;-120;ICME
95;1998-03-10 10:24:00;1998-03-10 13:52:00;1998-03-10 20:43:00;1998-03-12 07:25:00;-121;ICME
96;1998-03-14 08:16:00;1998-03-14 11:29:00;1998-03-15 05:24:00;1998-03-17 08:39:00;-59;Undefined
97;1998-03-21 06:19:00;1998-03-21 09:46:00;1998-03-21 15:05:00;1998-03-23 04:23:00;-90;HSS
98;1998-03-25 05:06:00;1998-03-25 08:10:00;1998-03-25 15:45:00;1998-03-26 01:11:00;-69;ICME
99;1998-03-29 08:35:00;1998-03-29 11:35:00;1998-03-29 19:55:00;1998-03-30 03:47:00;-58;Undefined
100;1998-04-23 18:24:00;1998-04-24 01:00:00;1998-04-24 07:29:00;1998-04-25 02:20:00;-71;Undefined
101;1998-04-26 08:24:00;1998-04-26 11:32:00;1998-04-26 14:48:00;1998-04-27 06:44:00;-59;Undefined
102;1998-05-02 06:55:00;1998-05-02 09:55:00;1998-05-02 15:04:00;1998-05-02 23:59:00;-77;ICME
106;1998-05-03 23:59:00;1998-05-04 02:59:00;1998-05-04 05:18:00;1998-05-05 01:52:00;-272;ICME
107;1998-05-08 06:46:00;1998-05-08 09:59:00;1998-05-09 19:49:00;1998-05-10 22:43:00;-63;Undefined
108;1998-06-06 13:08:00;1998-06-06 16:10:00;1998-06-07 06:14:00;1998-06-07 17:09:00;-55;HSS
109;1998-06-13 19:26:00;1998-06-14 04:04:00;1998-06-14 09:52:00;1998-06-14 22:34:00;-51;ICME
110;1998-06-25 21:31:00;1998-06-26 00:50:00;1998-06-26 04:27:00;1998-06-26 10:20:00;-120;ICME
111;1998-07-16 00:14:00;1998-07-16 03:22:00;1998-07-16 17:17:00;1998-07-18 01:58:00;-76;HSS
112;1998-07-22 23:21:00;1998-07-23 02:21:00;1998-07-23 06:15:00;1998-07-24 23:35:00;-62;HSS
113;1998-07-30 23:36:00;1998-07-31 04:45:00;1998-07-31 08:45:00;1998-07-31 13:09:00;-68;Undefined
114;1998-08-06 04:42:00;1998-08-06 07:42:00;1998-08-06 12:14:00;1998-08-07 01:49:00;-169;ICME
115;1998-08-06 22:50:00;1998-08-07 01:50:00;1998-08-07 05:32:00;1998-08-09 00:47:00;-124;Undefined
116;1998-08-20 05:02:00;1998-08-20 08:05:00;1998-08-20 18:54:00;1998-08-21 04:56:00;-69;ICME
117;1998-08-22 03:47:00;1998-08-22 06:49:00;1998-08-22 20:12:00;1998-08-22 22:12:00;-54;HSS
118;1998-08-26 06:49:00;1998-08-26 12:03:00;1998-08-27 08:59:00;1998-08-29 03:36:00;-174;ICME
120;1998-09-01 07:00:00;1998-09-01 10:00:00;1998-09-01 15:52:00;1998-09-02 05:12:00;-61;Undefined
121;1998-09-18 07:54:00;1998-09-18 10:59:00;1998-09-18 13:11:00;1998-09-19 06:18:00;-61;Undefined
122;1998-09-23 17:58:00;1998-09-23 21:01:00;1998-09-24 07:43:00;1998-09-24 13:27:00;-56;Undefined
123;1998-09-24 21:36:00;1998-09-25 00:37:00;1998-09-25 06:53:00;1998-09-25 23:03:00;-217;ICME
124;1998-10-02 07:24:00;1998-10-02 13:21:00;1998-10-03 04:10:00;1998-10-04 02:08:00;-52;HSS
125;1998-10-07 10:21:00;1998-10-07 13:22:00;1998-10-07 18:16:00;1998-10-10 07:06:00;-70;HSS
126;1998-10-18 19:51:00;1998-10-19 03:08:00;1998-10-19 04:54:00;1998-10-20 08:19:00;-122;ICME
127;1998-10-20 05:49:00;1998-10-20 09:21:00;1998-10-21 03:59:00;1998-10-23 13:05:00;-80;HSS
128;1998-10-23 12:18:00;1998-10-23 15:20:00;1998-10-24 03:51:00;1998-10-24 13:55:00;-51;ICME
129;1998-11-05 22:25:00;1998-11-06 01:36:00;1998-11-06 08:12:00;1998-11-07 08:15:00;-64;Undefined
130;1998-11-07 08:15:00;1998-11-07 11:18:00;1998-11-08 06:16:00;1998-11-08 16:12:00;-180;ICME
131;1998-11-08 20:33:00;1998-11-09 04:13:00;1998-11-09 17:16:00;1998-11-11 00:23:00;-136;ICME
132;1998-11-13 01:51:00;1998-11-13 04:51:00;1998-11-13 20:42:00;1998-11-14 11:56:00;-124;ICME
134;1998-12-10 15:19:00;1998-12-10 18:41:00;1998-12-11 08:41:00;1998-12-11 20:33:00;-80;Undefined
135;1998-12-25 04:15:00;1998-12-25 07:53:00;1998-12-25 11:33:00;1998-12-25 18:09:00;-72;HSS
137;1999-02-18 00:42:00;1999-02-18 03:48:00;1999-02-18 09:39:00;1999-02-20 10:39:00;-128;ICME
138;1999-02-28 15:39:00;1999-02-28 18:42:00;1999-03-01 01:23:00;1999-03-04 03:43:00;-94;HSS
139;1999-03-06 09:01:00;1999-03-06 12:04:00;1999-03-07 07:15:00;1999-03-08 16:41:00;-57;HSS
140;1999-03-08 14:34:00;1999-03-08 18:37:00;1999-03-10 09:00:00;1999-03-11 04:05:00;-80;ICME
141;1999-03-29 06:25:00;1999-03-29 12:15:00;1999-03-29 14:12:00;1999-04-01 14:52:00;-59;HSS
142;1999-04-16 19:35:00;1999-04-16 22:36:00;1999-04-17 04:17:00;1999-04-18 14:20:00;-123;ICME
143;1999-04-20 09:13:00;1999-04-20 12:14:00;1999-04-20 14:12:00;1999-04-21 01:35:00;-58;Undefined
144;1999-04-27 17:45:00;1999-04-27 20:52:00;1999-04-28 21:59:00;1999-04-29 09:03:00;-50;HSS
145;1999-05-13 00:50:00;1999-05-13 03:53:00;1999-05-13 06:24:00;1999-05-14 12:44:00;-69;Undefined
146;1999-06-28 02:58:00;1999-06-28 06:29:00;1999-06-28 10:33:00;1999-06-29 09:30:00;-52;ICME
147;1999-07-21 12:51:00;1999-07-21 15:53:00;1999-07-21 19:22:00;1999-07-22 01:39:00;-59;HSS
148;1999-07-21 23:46:00;1999-07-22 02:51:00;1999-07-22 07:55:00;1999-07-22 09:59:00;-69;HSS
149;1999-07-22 07:01:00;1999-07-22 10:01:00;1999-07-22 16:53:00;1999-07-23 21:28:00;-60;HSS
150;1999-07-30 08:09:00;1999-07-30 11:14:00;1999-07-30 12:49:00;1999-07-30 14:12:00;-53;Undefined
151;1999-07-30 20:24:00;1999-07-30 23:27:00;1999-07-31 02:28:00;1999-07-31 18:30:00;-70;ICME
152;1999-08-08 20:13:00;1999-08-08 23:15:00;1999-08-09 10:53:00;1999-08-09 23:31:00;-61;ICME
153;1999-08-19 21:40:00;1999-08-20 00:44:00;1999-08-20 15:30:00;1999-08-21 21:34:00;-61;HSS
155;1999-09-12 12:48:00;1999-09-12 15:54:00;1999-09-13 03:54:00;1999-09-14 21:25:00;-70;Undefined
156;1999-09-14 18:47:00;1999-09-14 22:14:00;1999-09-15 09:38:00;1999-09-15 17:38:00;-52;HSS
157;1999-09-15 20:18:00;1999-09-16 01:17:00;1999-09-16 08:52:00;1999-09-17 05:14:00;-66;HSS
158;1999-09-22 12:20:00;1999-09-22 20:45:00;1999-09-22 23:35:00;1999-09-24 00:43:00;-166;ICME
159;1999-09-27 01:38:00;1999-09-27 04:53:00;1999-09-27 15:58:00;1999-09-29 20:24:00;-68;HSS
160;1999-09-29 17:51:00;1999-09-29 20:54:00;1999-09-30 03:48:00;1999-09-30 20:50:00;-63;HSS
161;1999-10-10 01:30:00;1999-10-10 04:49:00;1999-10-10 15:07:00;1999-10-11 17:58:00;-66;HSS
162;1999-10-11 17:41:00;1999-10-11 20:52:00;1999-10-12 17:11:00;1999-10-14 08:49:00;-63;HSS
163;1999-10-14 07:50:00;1999-10-14 11:00:00;1999-10-15 05:38:00;1999-10-17 21:34:00;-73;HSS
164;1999-10-21 21:06:00;1999-10-22 00:14:00;1999-10-22 07:12:00;1999-10-23 07:46:00;-228;ICME
165;1999-10-28 09:31:00;1999-10-28 12:43:00;1999-10-28 16:50:00;1999-10-29 13:43:00;-70;Undefined
166;1999-11-07 01:25:00;1999-11-07 04:25:00;1999-11-08 13:09:00;1999-11-10 07:40:00;-79;Undefined
168;1999-11-16 06:50:00;1999-11-16 09:52:00;1999-11-16 16:07:00;1999-11-18 17:03:00;-84;HSS
169;1999-11-24 04:36:00;1999-11-24 07:55:00;1999-11-24 09:57:00;1999-11-24 16:19:00;-52;Undefined
170;1999-12-04 02:40:00;1999-12-04 05:45:00;1999-12-05 06:30:00;1999-12-06 02:31:00;-51;HSS
171;1999-12-12 14:22:00;1999-12-12 17:40:00;1999-12-13 08:59:00;1999-12-14 17:23:00;-98;ICME
172;1999-12-30 21:57:00;1999-12-31 01:02:00;1999-12-31 23:10:00;2000-01-01 10:46:00;-62;HSS
173;2000-01-11 12:10:00;2000-01-11 15:14:00;2000-01-11 21:24:00;2000-01-13 09:15:00;-83;HSS
174;2000-01-22 13:37:00;2000-01-22 16:40:00;2000-01-23 02:56:00;2000-01-24 00:33:00;-101;ICME
175;2000-02-05 15:16:00;2000-02-05 18:32:00;2000-02-05 22:19:00;2000-02-06 14:10:00;-52;HSS
176;2000-02-06 11:12:00;2000-02-06 14:12:00;2000-02-06 23:50:00;2000-02-08 07:42:00;-55;HSS
177;2000-02-11 21:00:00;2000-02-12 00:00:00;2000-02-12 11:34:00;2000-02-13 17:27:00;-165;ICME
180;2000-03-31 00:25:00;2000-03-31 03:44:00;2000-03-31 11:18:00;2000-04-01 06:55:00;-73;ICME
181;2000-04-01 12:38:00;2000-04-01 15:47:00;2000-04-02 03:22:00;2000-04-03 19:21:00;-60;Undefined
182;2000-04-03 19:53:00;2000-04-03 22:56:00;2000-04-04 18:18:00;2000-04-05 19:27:00;-62;Undefined
183;2000-04-06 13:59:00;2000-04-06 17:00:00;2000-04-07 00:09:00;2000-04-08 03:18:00;-320;ICME
184;2000-04-15 17:27:00;2000-04-15 20:28:00;2000-04-16 11:00:00;2000-04-16 23:23:00;-94;Undefined
185;2000-04-24 07:34:00;2000-04-24 10:34:00;2000-04-24 13:59:00;2000-04-25 15:41:00;-78;ICME
186;2000-05-02 00:59:00;2000-05-02 04:10:00;2000-05-02 11:48:00;2000-05-03 01:22:00;-53;ICME
187;2000-05-16 21:36:00;2000-05-17 00:41:00;2000-05-17 05:31:00;2000-05-17 22:30:00;-100;ICME
188;2000-05-23 18:50:00;2000-05-24 02:23:00;2000-05-24 03:48:00;2000-05-24 21:10:00;-173;ICME
189;2000-05-29 13:31:00;2000-05-29 16:38:00;2000-05-29 21:37:00;2000-05-31 20:22:00;-59;HSS
190;2000-06-08 09:08:00;2000-06-08 15:53:00;2000-06-08 18:56:00;2000-06-09 23:08:00;-90;ICME
191;2000-06-09 19:40:00;2000-06-09 23:46:00;2000-06-10 08:00:00;2000-06-11 08:44:00;-58;ICME
192;2000-06-26 02:32:00;2000-06-26 05:33:00;2000-06-26 17:41:00;2000-06-27 19:26:00;-80;ICME
194;2000-07-15 12:43:00;2000-07-15 15:56:00;2000-07-15 16:53:00;2000-07-15 19:02:00;-74;ICME
195;2000-07-15 16:10:00;2000-07-15 19:11:00;2000-07-15 21:54:00;2000-07-17 04:40:00;-347;ICME
196;2000-07-19 15:25:00;2000-07-19 21:27:00;2000-07-20 09:51:00;2000-07-21 07:10:00;-97;ICME
197;2000-07-23 07:27:00;2000-07-23 11:00:00;2000-07-23 22:40:00;2000-07-25 01:33:00;-70;ICME
198;2000-07-26 03:36:00;2000-07-26 06:37:00;2000-07-26 20:39:00;2000-07-27 07:34:00;-51;ICME
199;2000-07-28 03:38:00;2000-07-28 06:38:00;2000-07-28 08:03:00;2000-07-28 09:56:00;-57;ICME
200;2000-07-28 08:11:00;2000-07-28 11:18:00;2000-07-28 15:47:00;2000-07-28 17:55:00;-51;ICME
201;2000-07-28 22:49:00;2000-07-29 01:49:00;2000-07-29 11:22:00;2000-07-30 08:14:00;-87;ICME
202;2000-08-05 16:03:00;2000-08-05 19:04:00;2000-08-06 05:15:00;2000-08-06 20:49:00;-63;Undefined
203;2000-08-10 11:37:00;2000-08-10 14:41:00;2000-08-11 06:15:00;2000-08-12 00:49:00;-108;ICME
204;2000-08-11 21:52:00;2000-08-12 00:53:00;2000-08-12 10:06:00;2000-08-13 02:22:00;-235;ICME
205;2000-08-28 16:53:00;2000-08-28 19:53:00;2000-08-29 06:35:00;2000-08-30 14:09:00;-63;HSS
206;2000-09-01 22:35:00;2000-09-02 01:38:00;2000-09-02 10:32:00;2000-09-02 21:46:00;-58;HSS
207;2000-09-12 06:22:00;2000-09-12 09:26:00;2000-09-12 18:46:00;2000-09-13 12:05:00;-67;Undefined
208;2000-09-16 17:18:00;2000-09-16 20:33:00;2000-09-17 03:11:00;2000-09-17 15:23:00;-69;Undefined
209;2000-09-17 16:56:00;2000-09-17 20:27:00;2000-09-18 00:23:00;2000-09-18 22:52:00;-203;ICME
210;2000-09-19 05:10:00;2000-09-19 08:11:00;2000-09-19 12:38:00;2000-09-20 22:37:00;-84;ICME
211;2000-09-25 09:02:00;2000-09-25 12:02:00;2000-09-26 03:02:00;2000-09-27 11:47:00;-56;HSS
212;2000-09-29 17:24:00;2000-09-29 20:37:00;2000-09-30 14:29:00;2000-10-01 17:21:00;-91;Undefined
213;2000-10-02 16:43:00;2000-10-02 19:55:00;2000-10-03 12:26:00;2000-10-03 23:03:00;-77;ICME
214;2000-10-03 20:02:00;2000-10-03 23:16:00;2000-10-05 13:45:00;2000-10-06 16:12:00;-187;ICME
215;2000-10-12 21:37:00;2000-10-13 00:47:00;2000-10-13 05:12:00;2000-10-13 10:07:00;-69;ICME
216;2000-10-13 12:58:00;2000-10-13 17:31:00;2000-10-14 14:33:00;2000-10-15 15:22:00;-101;ICME
217;2000-10-28 19:39:00;2000-10-28 22:44:00;2000-10-29 02:38:00;2000-10-30 03:31:00;-121;ICME
218;2000-11-04 02:05:00;2000-11-04 05:19:00;2000-11-04 08:56:00;2000-11-05 08:02:00;-55;Undefined
219;2000-11-05 07:15:00;2000-11-05 10:43:00;2000-11-05 21:01:00;2000-11-06 09:51:00;-51;Undefined
220;2000-11-06 06:38:00;2000-11-06 10:00:00;2000-11-06 21:04:00;2000-11-07 19:11:00;-176;ICME
221;2000-11-07 16:09:00;2000-11-07 19:13:00;2000-11-07 20:54:00;2000-11-08 03:40:00;-56;ICME
222;2000-11-10 04:44:00;2000-11-10 07:44:00;2000-11-10 12:29:00;2000-11-11 04:12:00;-107;ICME
223;2000-11-26 19:47:00;2000-11-26 22:48:00;2000-11-27 01:29:00;2000-11-27 09:00:00;-116;Undefined
224;2000-11-27 06:03:00;2000-11-27 09:03:00;2000-11-29 13:49:00;2000-12-02 10:14:00;-128;Undefined
225;2000-12-22 19:22:00;2000-12-22 22:27:00;2000-12-23 04:28:00;2000-12-23 21:48:00;-70;ICME
226;2001-01-02 23:08:00;2001-01-03 02:11:00;2001-01-03 05:32:00;2001-01-03 12:54:00;-55;Undefined
227;2001-01-20 19:59:00;2001-01-20 22:59:00;2001-01-21 21:12:00;2001-01-23 10:49:00;-56;Undefined
228;2001-01-23 10:49:00;2001-01-23 18:41:00;2001-01-24 18:21:00;2001-01-27 23:32:00;-78;Undefined
229;2001-01-28 19:44:00;2001-01-28 22:51:00;2001-01-29 02:41:00;2001-01-29 20:58:00;-52;Undefined
230;2001-01-31 05:22:00;2001-01-31 08:24:00;2001-01-31 16:26:00;2001-02-01 20:10:00;-62;Undefined
231;2001-02-13 12:48:00;2001-02-13 16:00:00;2001-02-13 21:26:00;2001-02-15 16:41:00;-56;HSS
232;2001-03-04 15:03:00;2001-03-04 18:11:00;2001-03-05 00:27:00;2001-03-05 16:15:00;-80;ICME
233;2001-03-19 11:13:00;2001-03-19 16:03:00;2001-03-20 13:04:00;2001-03-22 00:34:00;-165;ICME
234;2001-03-22 11:45:00;2001-03-22 14:45:00;2001-03-23 15:46:00;2001-03-25 05:02:00;-78;Undefined
235;2001-03-27 18:35:00;2001-03-27 21:35:00;2001-03-27 22:44:00;2001-03-28 08:06:00;-77;ICME
236;2001-03-28 05:11:00;2001-03-28 08:20:00;2001-03-28 14:03:00;2001-03-29 06:10:00;-92;ICME
237;2001-03-31 00:50:00;2001-03-31 04:45:00;2001-03-31 08:06:00;2001-04-01 13:16:00;-437;ICME
238;2001-04-08 10:41:00;2001-04-08 13:45:00;2001-04-08 14:30:00;2001-04-08 19:43:00;-61;ICME
239;2001-04-08 16:46:00;2001-04-08 19:52:00;2001-04-09 20:38:00;2001-04-10 10:53:00;-60;ICME
240;2001-04-11 12:27:00;2001-04-11 16:03:00;2001-04-11 23:57:00;2001-04-12 20:23:00;-280;ICME
241;2001-04-13 07:54:00;2001-04-13 10:56:00;2001-04-13 11:30:00;2001-04-13 12:42:00;-67;ICME
242;2001-04-13 09:51:00;2001-04-13 12:51:00;2001-04-13 20:50:00;2001-04-14 07:30:00;-71;ICME
243;2001-04-17 22:58:00;2001-04-18 02:03:00;2001-04-18 06:03:00;2001-04-19 08:48:00;-122;ICME
244;2001-04-21 23:42:00;2001-04-22 03:08:00;2001-04-22 15:39:00;2001-04-23 23:43:00;-104;ICME
245;2001-05-06 20:02:00;2001-05-06 23:18:00;2001-05-07 05:15:00;2001-05-07 11:16:00;-54;Undefined
246;2001-05-08 07:58:00;2001-05-08 10:58:00;2001-05-10 05:47:00;2001-05-11 09:46:00;-90;ICME
247;2001-05-13 14:28:00;2001-05-13 17:29:00;2001-05-13 21:38:00;2001-05-15 16:09:00;-56;HSS
248;2001-06-18 02:07:00;2001-06-18 05:07:00;2001-06-18 08:01:00;2001-06-19 15:15:00;-84;HSS
249;2001-07-10 15:48:00;2001-07-10 18:57:00;2001-07-11 00:05:00;2001-07-11 18:13:00;-50;ICME
250;2001-07-30 23:44:00;2001-07-31 04:46:00;2001-07-31 06:33:00;2001-07-31 11:04:00;-51;HSS
251;2001-08-17 11:01:00;2001-08-17 17:27:00;2001-08-17 21:12:00;2001-08-18 21:57:00;-131;ICME
252;2001-09-12 23:32:00;2001-09-13 02:39:00;2001-09-13 07:04:00;2001-09-13 22:23:00;-73;ICME
253;2001-09-23 07:56:00;2001-09-23 11:10:00;2001-09-23 19:03:00;2001-09-25 20:00:00;-90;Undefined
254;2001-09-25 19:16:00;2001-09-25 22:19:00;2001-09-26 01:16:00;2001-09-27 00:29:00;-118;ICME
255;2001-09-29 06:36:00;2001-09-29 09:41:00;2001-10-01 08:14:00;2001-10-03 06:05:00;-143;Undefined
256;2001-10-03 03:00:00;2001-10-03 06:06:00;2001-10-03 14:23:00;2001-10-04 15:28:00;-188;ICME
257;2001-10-09 08:29:00;2001-10-09 11:39:00;2001-10-09 15:09:00;2001-10-10 16:34:00;-56;Undefined
258;2001-10-11 14:25:00;2001-10-11 17:38:00;2001-10-11 19:14:00;2001-10-11 23:16:00;-61;ICME
259;2001-10-11 23:44:00;2001-10-12 02:46:00;2001-10-12 03:25:00;2001-10-13 01:08:00;-89;ICME
260;2001-10-21 14:06:00;2001-10-21 17:08:00;2001-10-21 21:27:00;2001-10-22 09:37:00;-219;ICME
262;2001-10-28 00:28:00;2001-10-28 03:34:00;2001-10-28 11:19:00;2001-10-29 22:11:00;-150;ICME
263;2001-10-31 13:48:00;2001-10-31 19:47:00;2001-11-01 10:38:00;2001-11-02 15:25:00;-102;ICME
265;2001-11-05 22:41:00;2001-11-06 01:55:00;2001-11-06 04:06:00;2001-11-07 16:04:00;-320;ICME
266;2001-11-19 15:11:00;2001-11-19 18:18:00;2001-11-19 21:22:00;2001-11-20 02:48:00;-50;ICME
267;2001-11-24 03:42:00;2001-11-24 06:44:00;2001-11-24 12:37:00;2001-11-26 13:15:00;-234;ICME
268;2001-12-21 11:29:00;2001-12-21 14:41:00;2001-12-21 23:06:00;2001-12-22 18:37:00;-65;Undefined
269;2001-12-23 23:15:00;2001-12-24 07:15:00;2001-12-24 17:31:00;2001-12-25 09:55:00;-57;HSS
270;2001-12-29 23:39:00;2001-12-30 02:39:00;2001-12-30 05:12:00;2001-12-30 14:27:00;-56;ICME
271;2002-01-10 13:21:00;2002-01-10 16:29:00;2002-01-11 05:30:00;2002-01-13 11:55:00;-76;HSS
272;2002-02-01 23:35:00;2002-02-02 02:39:00;2002-02-02 08:55:00;2002-02-02 19:54:00;-90;Undefined
273;2002-02-05 11:36:00;2002-02-05 14:37:00;2002-02-05 20:21:00;2002-02-07 13:24:00;-80;HSS
274;2002-02-28 18:32:00;2002-02-28 21:57:00;2002-03-01 01:23:00;2002-03-02 03:25:00;-80;ICME
275;2002-03-03 09:56:00;2002-03-03 13:06:00;2002-03-03 23:13:00;2002-03-04 06:23:00;-57;HSS
276;2002-03-18 22:52:00;2002-03-19 01:52:00;2002-03-19 06:10:00;2002-03-19 12:24:00;-66;ICME
277;2002-03-23 11:35:00;2002-03-23 15:16:00;2002-03-24 08:28:00;2002-03-25 15:04:00;-114;ICME
278;2002-03-31 23:03:00;2002-04-01 02:05:00;2002-04-01 07:40:00;2002-04-01 20:59:00;-53;HSS
279;2002-04-01 21:31:00;2002-04-02 00:32:00;2002-04-02 07:59:00;2002-04-02 22:56:00;-67;HSS
280;2002-04-17 08:47:00;2002-04-17 11:48:00;2002-04-18 07:52:00;2002-04-19 08:38:00;-151;ICME
281;2002-04-19 05:30:00;2002-04-19 08:39:00;2002-04-20 06:00:00;2002-04-21 15:21:00;-185;ICME
282;2002-04-23 01:52:00;2002-04-23 05:15:00;2002-04-23 08:34:00;2002-04-26 05:13:00;-80;Undefined
284;2002-05-13 21:58:00;2002-05-14 00:59:00;2002-05-14 08:21:00;2002-05-17 03:52:00;-74;Undefined
285;2002-05-18 20:06:00;2002-05-19 02:27:00;2002-05-19 07:09:00;2002-05-20 02:58:00;-71;Undefined
286;2002-05-23 09:14:00;2002-05-23 12:16:00;2002-05-23 12:48:00;2002-05-23 15:44:00;-93;ICME
287;2002-05-23 12:45:00;2002-05-23 15:45:00;2002-05-23 17:00:00;2002-05-24 23:42:00;-116;ICME
288;2002-05-27 01:44:00;2002-05-27 04:45:00;2002-05-27 09:04:00;2002-05-28 18:06:00;-79;Undefined
289;2002-06-02 14:24:00;2002-06-02 17:27:00;2002-06-03 00:03:00;2002-06-03 05:41:00;-51;Undefined
290;2002-07-05 19:41:00;2002-07-05 22:54:00;2002-07-06 05:18:00;2002-07-08 04:52:00;-60;HSS
291;2002-07-12 04:05:00;2002-07-12 07:07:00;2002-07-12 10:32:00;2002-07-13 18:21:00;-59;HSS
292;2002-07-20 00:21:00;2002-07-20 03:21:00;2002-07-22 11:36:00;2002-07-23 18:09:00;-58;Undefined
293;2002-07-26 01:19:00;2002-07-26 04:28:00;2002-07-27 02:51:00;2002-07-28 04:38:00;-57;Undefined
294;2002-08-01 20:48:00;2002-08-01 23:48:00;2002-08-02 04:53:00;2002-08-02 15:45:00;-115;ICME
295;2002-08-02 12:39:00;2002-08-02 15:46:00;2002-08-02 22:21:00;2002-08-03 17:05:00;-79;ICME
296;2002-08-03 20:42:00;2002-08-03 23:42:00;2002-08-04 05:35:00;2002-08-04 14:39:00;-63;ICME
297;2002-08-18 18:44:00;2002-08-18 23:25:00;2002-08-19 08:28:00;2002-08-19 11:45:00;-57;ICME
298;2002-08-19 12:46:00;2002-08-19 15:47:00;2002-08-20 05:20:00;2002-08-20 15:44:00;-71;ICME
299;2002-08-20 12:35:00;2002-08-20 15:45:00;2002-08-21 05:53:00;2002-08-21 23:06:00;-119;ICME
300;2002-08-21 20:29:00;2002-08-21 23:33:00;2002-08-22 03:21:00;2002-08-22 07:11:00;-53;Undefined
301;2002-08-29 23:08:00;2002-08-30 02:18:00;2002-08-30 06:49:00;2002-08-30 12:53:00;-50;ICME
302;2002-09-03 23:31:00;2002-09-04 02:32:00;2002-09-04 05:22:00;2002-09-05 03:58:00;-109;ICME
303;2002-09-07 09:54:00;2002-09-07 13:00:00;2002-09-08 00:00:00;2002-09-08 20:35:00;-168;ICME
305;2002-10-01 03:10:00;2002-10-01 06:16:00;2002-10-01 12:53:00;2002-10-03 09:30:00;-154;Undefined
306;2002-10-03 06:30:00;2002-10-03 09:48:00;2002-10-04 08:17:00;2002-10-05 06:31:00;-131;ICME
307;2002-10-05 03:29:00;2002-10-05 06:32:00;2002-10-05 14:42:00;2002-10-06 11:37:00;-87;Undefined
308;2002-10-06 08:36:00;2002-10-06 11:38:00;2002-10-07 07:11:00;2002-10-09 00:16:00;-94;HSS
309;2002-10-08 22:58:00;2002-10-09 02:30:00;2002-10-10 04:46:00;2002-10-11 00:39:00;-51;Undefined
310;2002-10-14 01:09:00;2002-10-14 04:22:00;2002-10-14 13:50:00;2002-10-14 20:50:00;-88;HSS
311;2002-10-23 22:24:00;2002-10-24 01:32:00;2002-10-24 20:33:00;2002-10-25 21:52:00;-88;HSS
312;2002-11-01 23:32:00;2002-11-02 02:32:00;2002-11-03 17:27:00;2002-11-07 04:10:00;-74;HSS
313;2002-11-20 11:08:00;2002-11-20 17:08:00;2002-11-20 19:54:00;2002-11-21 01:22:00;-92;HSS
314;2002-11-20 23:45:00;2002-11-21 03:04:00;2002-11-21 10:14:00;2002-11-24 01:44:00;-127;HSS
315;2002-11-24 02:01:00;2002-11-24 05:03:00;2002-11-25 09:23:00;2002-11-26 01:52:00;-53;HSS
316;2002-11-26 19:40:00;2002-11-26 22:42:00;2002-11-27 11:19:00;2002-11-28 02:55:00;-53;HSS
317;2002-12-19 08:19:00;2002-12-19 11:19:00;2002-12-21 03:18:00;2002-12-22 10:29:00;-90;ICME
319;2002-12-26 19:04:00;2002-12-26 22:10:00;2002-12-27 04:04:00;2002-12-31 23:59:00;-84;HSS
320;2003-01-24 16:08:00;2003-01-24 19:09:00;2003-01-25 08:03:00;2003-01-25 16:38:00;-63;HSS
321;2003-01-29 15:47:00;2003-01-29 19:10:00;2003-01-29 23:53:00;2003-01-30 19:32:00;-67;Undefined
322;2003-01-30 16:25:00;2003-01-30 19:42:00;2003-01-31 08:03:00;2003-02-01 01:17:00;-52;Undefined
323;2003-02-01 23:47:00;2003-02-02 02:56:00;2003-02-02 15:14:00;2003-02-03 18:55:00;-84;ICME
324;2003-02-03 22:51:00;2003-02-04 01:53:00;2003-02-04 08:38:00;2003-02-05 22:33:00;-80;Undefined
325;2003-02-26 20:56:00;2003-02-26 23:59:00;2003-02-27 21:12:00;2003-02-28 06:06:00;-69;HSS
326;2003-02-28 04:28:00;2003-02-28 07:32:00;2003-02-28 20:03:00;2003-03-01 13:58:00;-53;HSS
327;2003-03-03 16:45:00;2003-03-03 19:47:00;2003-03-04 00:11:00;2003-03-04 23:34:00;-76;HSS
328;2003-03-05 18:04:00;2003-03-05 21:16:00;2003-03-06 08:35:00;2003-03-07 18:00:00;-50;Undefined
329;2003-03-14 20:27:00;2003-03-14 23:28:00;2003-03-15 01:14:00;2003-03-15 09:27:00;-56;Undefined
330;2003-03-16 13:43:00;2003-03-16 16:43:00;2003-03-16 19:37:00;2003-03-17 20:01:00;-63;Undefined
331;2003-03-17 17:05:00;2003-03-17 20:11:00;2003-03-17 21:20:00;2003-03-18 22:10:00;-67;Undefined
332;2003-03-20 04:43:00;2003-03-20 10:22:00;2003-03-20 19:03:00;2003-03-21 03:35:00;-63;ICME
333;2003-03-27 06:26:00;2003-03-27 09:29:00;2003-03-27 16:18:00;2003-03-28 10:13:00;-50;HSS
334;2003-03-28 12:56:00;2003-03-28 15:56:00;2003-03-30 00:06:00;2003-03-31 06:31:00;-82;HSS
335;2003-03-31 03:13:00;2003-03-31 06:32:00;2003-03-31 15:10:00;2003-04-03 12:34:00;-90;HSS
336;2003-04-03 16:59:00;2003-04-03 19:59:00;2003-04-05 04:29:00;2003-04-06 12:27:00;-63;Undefined
337;2003-04-08 23:25:00;2003-04-09 02:27:00;2003-04-09 07:26:00;2003-04-09 14:23:00;-51;Undefined
338;2003-04-23 01:24:00;2003-04-23 04:37:00;2003-04-23 08:42:00;2003-04-23 18:32:00;-58;HSS
339;2003-04-24 01:28:00;2003-04-24 04:28:00;2003-04-25 05:06:00;2003-04-26 17:34:00;-56;HSS
340;2003-04-27 21:10:00;2003-04-28 00:11:00;2003-04-28 09:01:00;2003-04-28 19:18:00;-54;Undefined
341;2003-04-29 07:31:00;2003-04-29 10:32:00;2003-04-30 02:46:00;2003-04-30 07:50:00;-74;HSS
342;2003-04-30 04:50:00;2003-04-30 07:53:00;2003-05-01 00:50:00;2003-05-02 05:56:00;-94;HSS
343;2003-05-09 05:17:00;2003-05-09 09:23:00;2003-05-10 07:37:00;2003-05-11 00:10:00;-93;ICME
344;2003-05-10 21:00:00;2003-05-11 00:12:00;2003-05-11 01:38:00;2003-05-11 06:16:00;-53;HSS
345;2003-05-11 02:42:00;2003-05-11 06:18:00;2003-05-11 09:06:00;2003-05-11 17:02:00;-51;HSS
346;2003-05-21 13:10:00;2003-05-21 16:18:00;2003-05-22 02:14:00;2003-05-22 16:48:00;-74;HSS
347;2003-05-28 06:53:00;2003-05-28 10:00:00;2003-05-28 15:09:00;2003-05-28 19:36:00;-50;Undefined
348;2003-05-29 09:15:00;2003-05-29 12:30:00;2003-05-29 14:35:00;2003-05-29 16:14:00;-50;ICME
349;2003-05-29 13:55:00;2003-05-29 16:58:00;2003-05-29 19:48:00;2003-05-29 20:16:00;-84;ICME
350;2003-05-29 17:17:00;2003-05-29 20:17:00;2003-05-30 01:58:00;2003-05-30 16:41:00;-164;ICME
351;2003-05-30 16:41:00;2003-05-30 19:46:00;2003-05-31 01:28:00;2003-05-31 02:16:00;-59;ICME
352;2003-05-30 23:17:00;2003-05-31 02:17:00;2003-05-31 05:34:00;2003-05-31 17:52:00;-75;ICME
353;2003-06-01 20:56:00;2003-06-01 23:56:00;2003-06-02 08:02:00;2003-06-02 23:11:00;-101;Undefined
354;2003-06-16 08:17:00;2003-06-16 11:23:00;2003-06-17 08:23:00;2003-06-17 19:17:00;-91;ICME
355;2003-06-17 16:21:00;2003-06-17 19:21:00;2003-06-18 09:10:00;2003-06-19 04:59:00;-163;ICME
356;2003-06-20 19:44:00;2003-06-20 22:48:00;2003-06-21 08:16:00;2003-06-21 18:20:00;-52;Undefined
357;2003-06-23 19:39:00;2003-06-23 22:41:00;2003-06-24 07:20:00;2003-06-24 22:11:00;-51;Undefined
358;2003-07-11 00:50:00;2003-07-11 03:50:00;2003-07-12 05:36:00;2003-07-13 07:00:00;-125;HSS
359;2003-07-14 20:13:00;2003-07-14 23:31:00;2003-07-15 05:29:00;2003-07-15 09:40:00;-51;HSS
360;2003-07-16 00:02:00;2003-07-16 03:02:00;2003-07-16 10:53:00;2003-07-18 09:56:00;-100;HSS
361;2003-07-26 19:47:00;2003-07-26 22:47:00;2003-07-27 07:41:00;2003-07-28 01:04:00;-70;HSS
362;2003-07-29 18:37:00;2003-07-29 21:38:00;2003-07-29 23:38:00;2003-07-30 02:58:00;-55;HSS
364;2003-08-07 13:37:00;2003-08-07 16:37:00;2003-08-07 21:27:00;2003-08-08 07:20:00;-58;HSS
365;2003-08-17 14:20:00;2003-08-17 20:16:00;2003-08-17 23:44:00;2003-08-18 01:01:00;-51;ICME
366;2003-08-17 22:58:00;2003-08-18 01:58:00;2003-08-18 14:32:00;2003-08-19 06:16:00;-139;ICME
367;2003-08-20 23:53:00;2003-08-21 03:09:00;2003-08-21 23:48:00;2003-08-23 01:26:00;-69;HSS
368;2003-09-15 22:01:00;2003-09-16 01:02:00;2003-09-16 07:41:00;2003-09-16 16:27:00;-58;HSS
369;2003-09-16 17:03:00;2003-09-16 20:03:00;2003-09-17 23:23:00;2003-09-22 00:41:00;-77;HSS
370;2003-09-23 19:48:00;2003-09-23 23:10:00;2003-09-24 07:34:00;2003-09-26 02:11:00;-68;HSS
371;2003-10-01 17:45:00;2003-10-01 20:46:00;2003-10-01 22:58:00;2003-10-02 02:39:00;-53;Undefined
372;2003-10-13 23:18:00;2003-10-14 02:28:00;2003-10-14 11:36:00;2003-10-14 15:00:00;-63;HSS
373;2003-10-14 12:29:00;2003-10-14 15:43:00;2003-10-14 23:00:00;2003-10-17 23:59:00;-103;HSS
374;2003-10-17 20:59:00;2003-10-18 00:00:00;2003-10-19 18:15:00;2003-10-20 18:43:00;-70;Undefined
376;2003-10-24 03:48:00;2003-10-24 06:52:00;2003-10-24 16:06:00;2003-10-24 17:12:00;-71;ICME
377;2003-10-25 01:55:00;2003-10-25 05:16:00;2003-10-25 14:49:00;2003-10-26 09:37:00;-53;ICME
378;2003-10-26 17:35:00;2003-10-26 20:48:00;2003-10-27 09:00:00;2003-10-28 02:06:00;-62;ICME
379;2003-10-28 03:41:00;2003-10-28 06:44:00;2003-10-28 09:42:00;2003-10-28 14:32:00;-58;ICME
380;2003-10-29 03:49:00;2003-10-29 06:52:00;2003-10-30 01:47:00;2003-10-30 20:07:00;-391;ICME
381;2003-10-30 17:08:00;2003-10-30 20:08:00;2003-10-30 22:54:00;2003-10-31 05:40:00;-432;ICME
384;2003-11-10 14:37:00;2003-11-10 17:55:00;2003-11-11 13:19:00;2003-11-13 03:08:00;-67;HSS
385;2003-11-13 08:20:00;2003-11-13 11:21:00;2003-11-13 19:56:00;2003-11-14 17:37:00;-59;HSS
386;2003-11-15 03:22:00;2003-11-15 06:23:00;2003-11-15 16:17:00;2003-11-16 03:14:00;-57;HSS
387;2003-11-16 00:09:00;2003-11-16 03:15:00;2003-11-16 09:09:00;2003-11-18 20:26:00;-56;HSS
388;2003-11-20 05:10:00;2003-11-20 08:12:00;2003-11-20 18:17:00;2003-11-21 10:31:00;-490;ICME
389;2003-12-05 00:45:00;2003-12-05 03:47:00;2003-12-06 04:14:00;2003-12-07 11:10:00;-70;HSS
390;2003-12-07 11:40:00;2003-12-07 14:45:00;2003-12-09 00:06:00;2003-12-10 09:13:00;-64;HSS
391;2003-12-10 06:00:00;2003-12-10 09:21:00;2003-12-10 22:39:00;2003-12-12 11:50:00;-72;HSS
392;2003-12-14 12:40:00;2003-12-14 15:42:00;2003-12-14 18:51:00;2003-12-16 11:16:00;-52;HSS
393;2004-01-22 01:34:00;2004-01-22 10:55:00;2004-01-22 13:25:00;2004-01-23 12:00:00;-137;ICME
394;2004-01-23 08:09:00;2004-01-23 12:01:00;2004-01-23 16:42:00;2004-01-24 03:36:00;-85;ICME
395;2004-01-24 13:17:00;2004-01-24 16:19:00;2004-01-25 03:52:00;2004-01-26 08:48:00;-80;ICME
396;2004-02-11 08:18:00;2004-02-11 11:24:00;2004-02-11 17:10:00;2004-02-18 03:22:00;-107;HSS
397;2004-03-09 09:34:00;2004-03-09 12:42:00;2004-03-10 05:31:00;2004-03-11 14:04:00;-101;HSS
398;2004-03-11 11:03:00;2004-03-11 14:05:00;2004-03-11 23:22:00;2004-03-16 18:42:00;-78;HSS
399;2004-03-27 15:33:00;2004-03-27 18:41:00;2004-03-28 04:42:00;2004-03-29 07:33:00;-64;HSS
400;2004-04-03 09:47:00;2004-04-03 15:09:00;2004-04-04 00:42:00;2004-04-04 17:37:00;-149;ICME
401;2004-04-05 13:23:00;2004-04-05 16:23:00;2004-04-05 19:29:00;2004-04-07 14:21:00;-99;HSS
402;2004-04-08 23:27:00;2004-04-09 02:37:00;2004-04-09 04:05:00;2004-04-09 19:41:00;-51;Undefined
403;2004-04-30 17:17:00;2004-04-30 20:19:00;2004-04-30 22:28:00;2004-05-02 03:43:00;-54;Undefined
404;2004-05-11 17:23:00;2004-05-11 20:26:00;2004-05-12 03:59:00;2004-05-12 08:56:00;-55;Undefined
405;2004-06-15 00:29:00;2004-06-15 03:37:00;2004-06-15 07:51:00;2004-06-15 10:04:00;-52;HSS
406;2004-07-16 19:42:00;2004-07-16 22:44:00;2004-07-17 02:41:00;2004-07-18 04:46:00;-93;ICME
407;2004-07-22 18:03:00;2004-07-22 21:06:00;2004-07-23 02:40:00;2004-07-24 02:37:00;-123;ICME
408;2004-07-24 14:13:00;2004-07-24 17:17:00;2004-07-25 18:32:00;2004-07-26 22:49:00;-168;ICME
409;2004-07-26 19:58:00;2004-07-26 23:01:00;2004-07-27 13:35:00;2004-07-28 06:12:00;-208;ICME
410;2004-08-30 03:07:00;2004-08-30 06:08:00;2004-08-30 22:47:00;2004-09-02 12:05:00;-128;HSS
411;2004-09-14 14:09:00;2004-09-14 17:23:00;2004-09-14 22:12:00;2004-09-15 18:06:00;-59;ICME
412;2004-10-12 17:49:00;2004-10-12 21:04:00;2004-10-13 07:54:00;2004-10-15 02:14:00;-64;HSS
413;2004-10-29 20:09:00;2004-10-29 23:12:00;2004-10-30 08:49:00;2004-10-30 17:18:00;-50;Undefined
414;2004-11-07 10:51:00;2004-11-07 20:47:00;2004-11-08 05:54:00;2004-11-09 11:52:00;-394;ICME
415;2004-11-09 08:41:00;2004-11-09 11:53:00;2004-11-10 09:30:00;2004-11-11 21:52:00;-282;ICME
416;2004-11-11 19:00:00;2004-11-11 22:00:00;2004-11-12 09:44:00;2004-11-13 10:27:00;-97;ICME
417;2004-11-24 17:39:00;2004-11-24 20:43:00;2004-11-25 04:02:00;2004-11-26 16:38:00;-62;HSS
418;2004-11-26 13:22:00;2004-11-26 16:39:00;2004-11-28 06:00:00;2004-11-28 15:28:00;-51;Undefined
419;2004-12-12 20:26:00;2004-12-12 23:34:00;2004-12-13 02:20:00;2004-12-13 14:38:00;-58;ICME
420;2005-01-02 02:45:00;2005-01-02 05:52:00;2005-01-02 21:38:00;2005-01-03 20:51:00;-64;Undefined
421;2005-01-07 17:49:00;2005-01-07 20:49:00;2005-01-08 00:05:00;2005-01-09 07:58:00;-112;ICME
422;2005-01-11 23:31:00;2005-01-12 02:37:00;2005-01-12 03:49:00;2005-01-13 01:59:00;-57;HSS
423;2005-01-16 20:00:00;2005-01-16 23:02:00;2005-01-17 02:32:00;2005-01-17 12:42:00;-64;ICME
424;2005-01-17 12:30:00;2005-01-17 15:33:00;2005-01-17 16:17:00;2005-01-17 18:58:00;-53;HSS
425;2005-01-17 19:06:00;2005-01-17 23:24:00;2005-01-18 08:20:00;2005-01-18 19:04:00;-107;HSS
428;2005-02-07 14:46:00;2005-02-07 17:53:00;2005-02-07 21:29:00;2005-02-10 20:14:00;-68;HSS
429;2005-02-17 19:47:00;2005-02-17 23:01:00;2005-02-18 01:54:00;2005-02-19 05:59:00;-95;ICME
430;2005-03-06 10:42:00;2005-03-06 13:44:00;2005-03-07 00:19:00;2005-03-07 16:56:00;-66;HSS
431;2005-03-07 13:58:00;2005-03-07 17:00:00;2005-03-08 07:37:00;2005-03-08 19:00:00;-53;HSS
432;2005-04-04 13:10:00;2005-04-04 16:14:00;2005-04-05 02:36:00;2005-04-07 23:04:00;-93;HSS
433;2005-04-11 15:09:00;2005-04-11 18:13:00;2005-04-12 05:28:00;2005-04-12 20:59:00;-80;HSS
434;2005-04-12 18:16:00;2005-04-12 21:17:00;2005-04-13 06:03:00;2005-04-16 11:34:00;-58;HSS
435;2005-04-20 00:28:00;2005-04-20 03:32:00;2005-04-20 05:45:00;2005-04-20 09:32:00;-50;HSS
436;2005-04-29 20:53:00;2005-04-29 23:56:00;2005-04-30 02:36:00;2005-04-30 05:42:00;-58;HSS
437;2005-05-07 19:15:00;2005-05-07 22:18:00;2005-05-08 20:03:00;2005-05-11 13:51:00;-117;HSS
438;2005-05-15 02:36:00;2005-05-15 06:21:00;2005-05-15 08:20:00;2005-05-15 22:12:00;-305;ICME
439;2005-05-20 02:09:00;2005-05-20 05:11:00;2005-05-20 08:00:00;2005-05-20 15:39:00;-98;ICME
440;2005-05-29 20:00:00;2005-05-29 23:07:00;2005-05-30 00:04:00;2005-05-30 05:22:00;-50;Undefined
441;2005-05-30 03:30:00;2005-05-30 06:31:00;2005-05-30 19:30:00;2005-05-31 12:26:00;-127;ICME
442;2005-06-06 10:31:00;2005-06-06 13:44:00;2005-06-07 05:03:00;2005-06-07 15:44:00;-54;HSS
443;2005-06-12 07:44:00;2005-06-12 17:44:00;2005-06-13 00:38:00;2005-06-14 00:46:00;-113;ICME
444;2005-06-22 20:55:00;2005-06-23 00:00:00;2005-06-23 10:44:00;2005-06-24 12:11:00;-101;HSS
445;2005-07-09 03:55:00;2005-07-09 07:09:00;2005-07-09 20:41:00;2005-07-10 08:12:00;-64;HSS
446;2005-07-10 08:38:00;2005-07-10 11:47:00;2005-07-10 20:11:00;2005-07-11 08:52:00;-114;ICME
448;2005-07-13 03:10:00;2005-07-13 06:11:00;2005-07-13 17:26:00;2005-07-15 03:50:00;-57;HSS
449;2005-07-17 19:58:00;2005-07-17 23:09:00;2005-07-18 06:42:00;2005-07-19 10:46:00;-84;Undefined
450;2005-07-20 20:15:00;2005-07-20 23:17:00;2005-07-21 01:25:00;2005-07-22 01:47:00;-51;HSS
451;2005-07-27 19:38:00;2005-07-28 02:09:00;2005-07-28 05:00:00;2005-07-28 22:33:00;-62;HSS
452;2005-08-24 06:12:00;2005-08-24 09:54:00;2005-08-24 11:50:00;2005-08-25 17:55:00;-179;ICME
453;2005-08-31 10:18:00;2005-08-31 13:19:00;2005-08-31 19:08:00;2005-09-02 14:21:00;-119;Undefined
454;2005-09-02 19:09:00;2005-09-02 22:45:00;2005-09-03 02:38:00;2005-09-03 18:10:00;-63;ICME
455;2005-09-03 23:05:00;2005-09-04 02:09:00;2005-09-04 09:15:00;2005-09-05 03:11:00;-59;Undefined
456;2005-09-10 10:45:00;2005-09-10 13:45:00;2005-09-10 22:36:00;2005-09-11 01:14:00;-65;Undefined
457;2005-09-10 23:16:00;2005-09-11 02:29:00;2005-09-11 10:03:00;2005-09-12 06:17:00;-137;ICME
458;2005-09-12 14:56:00;2005-09-12 17:56:00;2005-09-12 21:01:00;2005-09-15 07:25:00;-91;HSS
459;2005-09-15 07:21:00;2005-09-15 10:26:00;2005-09-15 15:23:00;2005-09-15 17:34:00;-70;ICME
460;2005-09-15 14:42:00;2005-09-15 17:44:00;2005-09-15 21:55:00;2005-09-19 01:56:00;-71;Undefined
461;2005-10-07 23:12:00;2005-10-08 02:24:00;2005-10-08 07:30:00;2005-10-08 18:00:00;-61;HSS
462;2005-10-31 05:30:00;2005-10-31 08:33:00;2005-10-31 19:52:00;2005-11-02 05:03:00;-78;ICME
463;2005-12-10 22:21:00;2005-12-11 01:22:00;2005-12-11 18:19:00;2005-12-13 15:25:00;-62;HSS
464;2006-01-25 15:25:00;2006-01-25 18:32:00;2006-01-26 04:01:00;2006-01-26 10:51:00;-61;Undefined
465;2006-03-06 15:44:00;2006-03-06 19:13:00;2006-03-07 00:57:00;2006-03-07 17:05:00;-52;Undefined
466;2006-03-18 10:39:00;2006-03-18 13:45:00;2006-03-19 00:10:00;2006-03-23 20:40:00;-62;HSS
467;2006-04-04 09:56:00;2006-04-04 12:58:00;2006-04-05 12:05:00;2006-04-07 21:20:00;-93;Undefined
468;2006-04-08 21:19:00;2006-04-09 00:25:00;2006-04-09 06:49:00;2006-04-09 18:46:00;-107;HSS
469;2006-04-09 15:45:00;2006-04-09 18:50:00;2006-04-09 21:14:00;2006-04-12 07:05:00;-66;HSS
470;2006-04-13 21:28:00;2006-04-14 00:28:00;2006-04-14 09:21:00;2006-04-19 20:59:00;-111;Undefined
471;2006-04-21 21:29:00;2006-04-22 00:33:00;2006-04-22 03:52:00;2006-04-23 00:11:00;-59;HSS
472;2006-05-06 16:59:00;2006-05-06 20:03:00;2006-05-06 21:39:00;2006-05-07 05:32:00;-62;HSS
473;2006-05-07 02:40:00;2006-05-07 05:40:00;2006-05-07 09:05:00;2006-05-08 07:42:00;-51;HSS
474;2006-07-27 22:39:00;2006-07-28 01:39:00;2006-07-28 04:26:00;2006-07-29 20:11:00;-70;HSS
475;2006-08-07 00:35:00;2006-08-07 06:07:00;2006-08-07 07:27:00;2006-08-08 14:14:00;-71;HSS
476;2006-08-19 11:31:00;2006-08-19 17:16:00;2006-08-20 01:09:00;2006-08-21 16:37:00;-95;ICME
477;2006-09-03 22:01:00;2006-09-04 01:07:00;2006-09-04 05:01:00;2006-09-04 14:18:00;-72;ICME
478;2006-09-23 21:56:00;2006-09-24 01:05:00;2006-09-24 04:07:00;2006-09-24 16:41:00;-58;HSS
479;2006-09-30 17:46:00;2006-09-30 20:46:00;2006-10-01 03:44:00;2006-10-01 21:34:00;-57;HSS
480;2006-10-13 02:30:00;2006-10-13 05:38:00;2006-10-13 09:21:00;2006-10-13 16:58:00;-52;HSS
481;2006-10-13 15:35:00;2006-10-13 18:45:00;2006-10-13 23:34:00;2006-10-14 20:07:00;-64;HSS
482;2006-11-09 18:18:00;2006-11-09 21:38:00;2006-11-10 02:46:00;2006-11-13 08:02:00;-81;HSS
483;2006-11-29 19:08:00;2006-11-29 22:13:00;2006-11-30 08:01:00;2006-12-01 01:41:00;-71;ICME
484;2006-12-06 03:39:00;2006-12-06 07:09:00;2006-12-06 12:04:00;2006-12-06 17:59:00;-66;HSS
485;2006-12-11 22:36:00;2006-12-12 01:41:00;2006-12-12 05:36:00;2006-12-13 04:53:00;-51;HSS
487;2006-12-20 09:06:00;2006-12-20 12:10:00;2006-12-20 23:40:00;2006-12-24 09:56:00;-51;HSS
488;2007-01-29 11:06:00;2007-01-29 14:06:00;2007-01-29 22:07:00;2007-01-30 18:51:00;-54;HSS
489;2007-03-23 18:10:00;2007-03-23 21:29:00;2007-03-24 08:51:00;2007-03-24 16:33:00;-79;HSS
490;2007-03-31 22:33:00;2007-04-01 01:33:00;2007-04-01 08:29:00;2007-04-03 07:53:00;-71;HSS
491;2007-05-23 04:20:00;2007-05-23 07:39:00;2007-05-23 21:17:00;2007-05-24 17:24:00;-71;HSS
492;2007-07-14 06:07:00;2007-07-14 09:30:00;2007-07-15 02:20:00;2007-07-16 17:24:00;-57;HSS
493;2007-10-25 11:26:00;2007-10-25 14:33:00;2007-10-25 20:23:00;2007-10-26 15:56:00;-60;ICME
494;2007-11-20 07:25:00;2007-11-20 10:33:00;2007-11-20 20:24:00;2007-11-22 10:18:00;-67;HSS
495;2007-11-22 11:16:00;2007-11-22 14:34:00;2007-11-22 23:57:00;2007-11-23 15:15:00;-51;HSS
496;2008-02-01 13:51:00;2008-02-01 16:56:00;2008-02-01 23:30:00;2008-02-03 11:51:00;-50;HSS
497;2008-03-08 22:41:00;2008-03-09 01:48:00;2008-03-09 05:38:00;2008-03-10 10:36:00;-100;HSS
498;2008-03-27 10:00:00;2008-03-27 13:02:00;2008-03-27 22:17:00;2008-03-29 04:47:00;-50;HSS
499;2008-09-03 22:04:00;2008-09-04 01:04:00;2008-09-04 03:05:00;2008-09-04 08:06:00;-67;HSS
500;2008-10-11 05:19:00;2008-10-11 08:21:00;2008-10-11 11:29:00;2008-10-13 19:42:00;-65;HSS
502;2009-08-06 00:13:00;2009-08-06 04:25:00;2009-08-06 06:49:00;2009-08-06 09:30:00;-53;HSS
503;2009-10-22 16:43:00;2009-10-22 19:46:00;2009-10-23 01:00:00;2009-10-23 18:52:00;-56;Undefined
504;2010-02-15 15:15:00;2010-02-15 18:37:00;2010-02-16 00:06:00;2010-02-17 16:09:00;-65;Undefined
506;2010-04-05 06:48:00;2010-04-05 17:54:00;2010-04-06 07:40:00;2010-04-07 11:19:00;-90;ICME
507;2010-04-11 10:28:00;2010-04-11 13:45:00;2010-04-12 02:03:00;2010-04-12 15:05:00;-81;ICME
508;2010-05-02 08:43:00;2010-05-02 11:51:00;2010-05-02 20:16:00;2010-05-05 04:05:00;-77;HSS
509;2010-05-28 20:23:00;2010-05-28 23:23:00;2010-05-29 12:06:00;2010-05-30 12:48:00;-73;ICME
510;2010-05-30 11:35:00;2010-05-30 14:46:00;2010-05-30 21:52:00;2010-06-02 22:59:00;-57;HSS
511;2010-06-03 18:22:00;2010-06-03 21:22:00;2010-06-04 00:55:00;2010-06-05 12:56:00;-58;Undefined
512;2010-08-03 17:01:00;2010-08-03 20:23:00;2010-08-04 01:10:00;2010-08-04 07:57:00;-81;ICME
513;2010-08-04 07:33:00;2010-08-04 10:33:00;2010-08-04 19:50:00;2010-08-06 14:49:00;-78;ICME
514;2010-10-11 07:10:00;2010-10-11 10:11:00;2010-10-11 18:54:00;2010-10-13 08:35:00;-76;Undefined
515;2010-11-11 15:04:00;2010-11-11 18:18:00;2010-11-11 22:58:00;2010-11-12 10:58:00;-57;HSS
516;2011-02-04 16:15:00;2011-02-04 19:21:00;2011-02-04 21:22:00;2011-02-05 18:09:00;-67;ICME
517;2011-03-01 07:10:00;2011-03-01 10:25:00;2011-03-01 14:22:00;2011-03-03 11:00:00;-71;HSS
518;2011-03-10 03:35:00;2011-03-10 06:45:00;2011-03-11 05:23:00;2011-03-11 19:39:00;-92;HSS
519;2011-03-11 16:40:00;2011-03-11 19:40:00;2011-03-11 23:37:00;2011-03-13 04:18:00;-82;HSS
520;2011-04-06 07:52:00;2011-04-06 10:54:00;2011-04-06 19:03:00;2011-04-07 16:51:00;-65;HSS
521;2011-04-12 02:34:00;2011-04-12 05:36:00;2011-04-12 09:04:00;2011-04-13 21:01:00;-57;HSS
522;2011-05-01 06:20:00;2011-05-01 09:27:00;2011-05-02 06:34:00;2011-05-03 08:20:00;-55;HSS
523;2011-05-28 03:19:00;2011-05-28 06:43:00;2011-05-28 11:11:00;2011-05-29 04:21:00;-94;ICME
524;2011-06-04 20:43:00;2011-06-05 02:05:00;2011-06-05 05:19:00;2011-06-05 06:52:00;-60;ICME
525;2011-06-30 22:11:00;2011-07-01 01:13:00;2011-07-01 07:22:00;2011-07-01 23:13:00;-59;Undefined
526;2011-07-04 15:02:00;2011-07-04 18:10:00;2011-07-05 01:46:00;2011-07-05 16:07:00;-56;Undefined
527;2011-08-05 18:51:00;2011-08-05 21:51:00;2011-08-06 03:22:00;2011-08-06 23:30:00;-126;ICME
528;2011-09-09 12:23:00;2011-09-09 15:37:00;2011-09-10 04:26:00;2011-09-10 11:30:00;-77;ICME
529;2011-09-10 16:17:00;2011-09-10 19:28:00;2011-09-10 22:59:00;2011-09-11 20:04:00;-61;HSS
530;2011-09-12 12:06:00;2011-09-12 15:06:00;2011-09-12 22:08:00;2011-09-13 23:13:00;-50;Undefined
531;2011-09-17 03:42:00;2011-09-17 09:03:00;2011-09-17 18:29:00;2011-09-18 22:30:00;-63;ICME
532;2011-09-26 12:21:00;2011-09-26 15:32:00;2011-09-26 21:19:00;2011-09-27 20:58:00;-116;ICME
533;2011-09-27 18:03:00;2011-09-27 21:24:00;2011-09-28 06:30:00;2011-09-29 01:07:00;-72;ICME
534;2011-09-28 22:10:00;2011-09-29 01:11:00;2011-09-29 03:04:00;2011-09-29 06:21:00;-74;Undefined
535;2011-09-29 03:16:00;2011-09-29 06:22:00;2011-09-29 07:58:00;2011-09-30 18:27:00;-51;Undefined
536;2011-10-24 18:29:00;2011-10-24 22:23:00;2011-10-25 01:15:00;2011-10-25 15:47:00;-160;ICME
537;2011-10-31 15:57:00;2011-10-31 18:58:00;2011-11-01 15:14:00;2011-11-02 23:41:00;-63;ICME
538;2012-01-22 06:10:00;2012-01-22 14:42:00;2012-01-23 03:49:00;2012-01-24 15:03:00;-88;ICME
539;2012-01-24 14:08:00;2012-01-24 17:11:00;2012-01-25 10:45:00;2012-01-26 07:57:00;-82;ICME
540;2012-02-14 10:31:00;2012-02-14 13:33:00;2012-02-15 12:11:00;2012-02-16 09:51:00;-60;ICME
541;2012-02-18 19:31:00;2012-02-18 22:46:00;2012-02-19 03:54:00;2012-02-19 20:30:00;-76;HSS
542;2012-02-27 10:16:00;2012-02-27 13:27:00;2012-02-27 19:18:00;2012-02-28 15:22:00;-62;ICME
543;2012-03-03 14:02:00;2012-03-03 17:43:00;2012-03-04 02:30:00;2012-03-04 10:40:00;-54;ICME
544;2012-03-07 01:28:00;2012-03-07 04:29:00;2012-03-07 06:52:00;2012-03-08 10:44:00;-98;HSS
545;2012-03-08 22:05:00;2012-03-09 01:15:00;2012-03-09 08:13:00;2012-03-11 13:07:00;-150;ICME
546;2012-03-12 08:02:00;2012-03-12 11:22:00;2012-03-12 16:55:00;2012-03-15 10:07:00;-67;Undefined
548;2012-03-27 15:10:00;2012-03-27 18:29:00;2012-03-28 04:46:00;2012-03-28 22:16:00;-68;Undefined
549;2012-04-04 19:50:00;2012-04-04 22:55:00;2012-04-05 07:52:00;2012-04-05 18:09:00;-70;Undefined
550;2012-04-12 13:41:00;2012-04-12 16:49:00;2012-04-13 04:57:00;2012-04-13 14:38:00;-56;HSS
551;2012-04-23 15:28:00;2012-04-23 18:29:00;2012-04-24 03:26:00;2012-04-26 04:46:00;-125;ICME
552;2012-05-09 00:39:00;2012-05-09 03:49:00;2012-05-09 09:34:00;2012-05-09 16:23:00;-56;HSS
553;2012-05-16 13:25:00;2012-05-16 16:49:00;2012-05-16 23:11:00;2012-05-17 11:22:00;-50;ICME
554;2012-05-22 14:07:00;2012-05-22 17:10:00;2012-05-23 04:46:00;2012-05-24 15:18:00;-64;Undefined
555;2012-06-11 17:02:00;2012-06-11 20:04:00;2012-06-12 01:42:00;2012-06-12 14:25:00;-67;Undefined
556;2012-06-17 05:52:00;2012-06-17 08:58:00;2012-06-17 12:53:00;2012-06-19 19:01:00;-69;Undefined
557;2012-07-08 21:05:00;2012-07-09 00:07:00;2012-07-09 21:50:00;2012-07-10 12:29:00;-79;ICME
558;2012-07-15 02:18:00;2012-07-15 05:18:00;2012-07-15 10:04:00;2012-07-18 13:32:00;-123;Undefined
559;2012-09-01 21:52:00;2012-09-02 01:01:00;2012-09-04 07:52:00;2012-09-04 17:15:00;-79;Undefined
560;2012-09-04 14:13:00;2012-09-04 17:16:00;2012-09-05 07:45:00;2012-09-05 23:16:00;-83;ICME
561;2012-09-30 20:05:00;2012-09-30 23:11:00;2012-10-01 03:52:00;2012-10-02 00:31:00;-138;ICME
562;2012-10-08 01:53:00;2012-10-08 05:22:00;2012-10-09 02:10:00;2012-10-09 19:51:00;-116;ICME
563;2012-10-12 14:54:00;2012-10-12 17:55:00;2012-10-13 07:59:00;2012-10-14 02:12:00;-106;ICME
564;2012-11-01 01:51:00;2012-11-01 05:04:00;2012-11-01 20:01:00;2012-11-02 04:55:00;-68;ICME
565;2012-11-13 14:13:00;2012-11-13 17:48:00;2012-11-14 07:27:00;2012-11-16 23:29:00;-118;Undefined
566;2013-01-17 12:11:00;2013-01-17 15:20:00;2013-01-17 18:19:00;2013-01-18 08:45:00;-58;ICME
567;2013-01-26 04:51:00;2013-01-26 07:56:00;2013-01-26 22:19:00;2013-01-27 20:06:00;-62;HSS
568;2013-03-01 05:22:00;2013-03-01 08:27:00;2013-03-01 10:12:00;2013-03-03 11:22:00;-76;HSS
569;2013-03-17 04:39:00;2013-03-17 07:46:00;2013-03-17 20:28:00;2013-03-18 19:24:00;-132;ICME
570;2013-03-20 16:51:00;2013-03-20 19:55:00;2013-03-21 03:54:00;2013-03-22 05:13:00;-68;ICME
571;2013-03-28 23:59:00;2013-03-29 03:08:00;2013-03-30 04:05:00;2013-04-02 22:40:00;-66;Undefined
572;2013-04-24 07:30:00;2013-04-24 10:38:00;2013-04-24 18:11:00;2013-04-26 01:51:00;-52;HSS
573;2013-04-25 22:32:00;2013-04-26 01:52:00;2013-04-26 04:34:00;2013-04-27 05:12:00;-52;HSS
574;2013-05-01 02:43:00;2013-05-01 05:48:00;2013-05-01 19:10:00;2013-05-03 03:40:00;-67;ICME
575;2013-05-17 22:01:00;2013-05-18 01:17:00;2013-05-18 03:40:00;2013-05-19 23:09:00;-67;Undefined
576;2013-05-24 18:09:00;2013-05-24 22:41:00;2013-05-25 05:46:00;2013-05-25 09:49:00;-65;ICME
577;2013-05-25 06:50:00;2013-05-25 10:06:00;2013-05-25 22:14:00;2013-05-26 00:30:00;-57;ICME
578;2013-05-25 23:36:00;2013-05-26 02:37:00;2013-05-26 05:47:00;2013-05-27 11:17:00;-53;ICME
579;2013-05-31 23:32:00;2013-06-01 01:55:00;2013-06-01 07:48:00;2013-06-03 19:37:00;-137;HSS
580;2013-06-06 12:35:00;2013-06-06 15:50:00;2013-06-07 02:41:00;2013-06-07 23:12:00;-88;ICME
581;2013-06-28 07:03:00;2013-06-28 10:03:00;2013-06-29 06:34:00;2013-07-01 14:37:00;-111;Undefined
582;2013-07-05 21:05:00;2013-07-06 00:06:00;2013-07-06 08:33:00;2013-07-07 13:26:00;-80;ICME
583;2013-07-09 20:51:00;2013-07-10 02:01:00;2013-07-10 07:35:00;2013-07-12 14:42:00;-57;Undefined
584;2013-07-13 19:31:00;2013-07-13 22:33:00;2013-07-14 23:25:00;2013-07-16 13:21:00;-77;ICME
585;2013-08-04 16:20:00;2013-08-04 19:25:00;2013-08-05 02:20:00;2013-08-05 18:43:00;-56;HSS
586;2013-08-15 21:47:00;2013-08-16 00:49:00;2013-08-16 04:29:00;2013-08-16 17:03:00;-54;HSS
587;2013-08-27 14:02:00;2013-08-27 17:21:00;2013-08-27 21:43:00;2013-08-29 04:14:00;-64;Undefined
588;2013-10-02 01:35:00;2013-10-02 04:39:00;2013-10-02 06:19:00;2013-10-03 18:39:00;-90;ICME
589;2013-10-08 18:59:00;2013-10-08 21:59:00;2013-10-08 22:25:00;2013-10-08 22:50:00;-61;ICME
590;2013-10-08 20:46:00;2013-10-08 23:47:00;2013-10-09 00:41:00;2013-10-09 15:01:00;-77;ICME
591;2013-10-14 11:04:00;2013-10-14 14:04:00;2013-10-15 03:18:00;2013-10-15 13:36:00;-52;HSS
592;2013-10-30 13:33:00;2013-10-30 16:35:00;2013-10-30 23:20:00;2013-10-31 10:31:00;-57;Undefined
593;2013-11-07 02:36:00;2013-11-07 05:51:00;2013-11-07 12:34:00;2013-11-07 18:55:00;-52;HSS
595;2013-11-10 16:27:00;2013-11-10 19:27:00;2013-11-11 07:13:00;2013-11-12 03:14:00;-68;HSS
596;2013-12-07 22:35:00;2013-12-08 03:09:00;2013-12-08 08:30:00;2013-12-09 04:44:00;-72;HSS
597;2014-02-18 15:01:00;2014-02-18 18:05:00;2014-02-19 08:22:00;2014-02-20 03:27:00;-127;ICME
598;2014-02-19 23:43:00;2014-02-20 03:28:00;2014-02-20 05:54:00;2014-02-20 18:22:00;-102;ICME
599;2014-02-23 07:03:00;2014-02-23 14:52:00;2014-02-23 22:48:00;2014-02-24 18:26:00;-63;Undefined
600;2014-02-27 15:14:00;2014-02-27 18:17:00;2014-02-27 23:24:00;2014-03-01 02:47:00;-101;ICME
601;2014-04-11 13:50:00;2014-04-11 16:52:00;2014-04-12 08:30:00;2014-04-14 16:15:00;-92;Undefined
602;2014-04-29 20:57:00;2014-04-29 23:58:00;2014-04-30 09:10:00;2014-05-01 10:50:00;-76;ICME
603;2014-05-03 15:52:00;2014-05-03 18:53:00;2014-05-04 05:58:00;2014-05-04 23:14:00;-58;Undefined
604;2014-05-07 22:37:00;2014-05-08 01:39:00;2014-05-08 08:50:00;2014-05-08 19:47:00;-62;Undefined
605;2014-06-08 03:06:00;2014-06-08 06:09:00;2014-06-08 06:50:00;2014-06-08 07:31:00;-72;Undefined
606;2014-06-08 07:07:00;2014-06-08 10:11:00;2014-06-08 12:18:00;2014-06-08 16:04:00;-53;ICME
607;2014-08-27 00:13:00;2014-08-27 03:53:00;2014-08-27 18:18:00;2014-08-30 22:51:00;-90;HSS
608;2014-09-12 18:30:00;2014-09-12 21:37:00;2014-09-12 23:03:00;2014-09-13 06:17:00;-97;ICME
609;2014-10-08 11:51:00;2014-10-08 14:52:00;2014-10-09 06:20:00;2014-10-09 11:12:00;-50;Undefined
610;2014-10-14 12:35:00;2014-10-14 15:35:00;2014-10-14 18:38:00;2014-10-15 09:01:00;-52;HSS
611;2014-10-20 06:52:00;2014-10-20 09:53:00;2014-10-20 17:10:00;2014-10-23 20:59:00;-57;HSS
612;2014-10-27 17:38:00;2014-10-27 20:44:00;2014-10-28 01:52:00;2014-10-30 12:17:00;-58;Undefined
613;2014-11-10 06:58:00;2014-11-10 10:14:00;2014-11-10 17:07:00;2014-11-11 08:15:00;-63;ICME
614;2014-11-15 19:26:00;2014-11-15 22:28:00;2014-11-16 07:24:00;2014-11-17 09:23:00;-51;HSS
615;2014-12-21 19:11:00;2014-12-21 23:42:00;2014-12-22 05:25:00;2014-12-22 15:12:00;-65;ICME
616;2014-12-23 11:13:00;2014-12-23 20:04:00;2014-12-24 01:42:00;2014-12-25 11:15:00;-51;HSS
619;2015-01-07 05:01:00;2015-01-07 08:07:00;2015-01-07 11:00:00;2015-01-07 21:30:00;-135;ICME
620;2015-01-26 05:39:00;2015-01-26 08:40:00;2015-01-26 10:30:00;2015-01-27 03:07:00;-54;HSS
621;2015-02-01 21:23:00;2015-02-02 00:25:00;2015-02-02 06:35:00;2015-02-02 22:18:00;-52;HSS
622;2015-02-17 17:29:00;2015-02-17 20:29:00;2015-02-17 23:55:00;2015-02-18 21:03:00;-70;Undefined
623;2015-02-23 22:09:00;2015-02-24 01:11:00;2015-02-24 03:36:00;2015-02-24 21:21:00;-76;Undefined
624;2015-02-28 18:40:00;2015-02-28 22:20:00;2015-03-01 07:56:00;2015-03-01 16:51:00;-61;HSS
625;2015-03-02 01:26:00;2015-03-02 04:30:00;2015-03-02 08:51:00;2015-03-03 04:09:00;-70;HSS
626;2015-03-17 04:39:00;2015-03-17 06:52:00;2015-03-17 22:47:00;2015-03-19 03:19:00;-234;ICME
627;2015-03-22 00:39:00;2015-03-22 03:42:00;2015-03-22 08:06:00;2015-03-22 11:24:00;-69;ICME
628;2015-04-09 20:36:00;2015-04-09 23:53:00;2015-04-10 01:45:00;2015-04-10 02:29:00;-51;ICME
629;2015-04-09 23:30:00;2015-04-10 02:31:00;2015-04-10 04:34:00;2015-04-10 12:39:00;-71;ICME
630;2015-04-10 13:39:00;2015-04-10 16:42:00;2015-04-11 09:36:00;2015-04-12 11:50:00;-89;ICME
631;2015-04-15 06:44:00;2015-04-15 10:02:00;2015-04-16 23:29:00;2015-04-18 07:35:00;-88;HSS
632;2015-05-10 17:54:00;2015-05-10 20:54:00;2015-05-11 04:01:00;2015-05-11 23:33:00;-57;ICME
633;2015-05-11 21:25:00;2015-05-12 00:27:00;2015-05-12 11:34:00;2015-05-12 21:24:00;-50;Undefined
634;2015-05-12 18:54:00;2015-05-12 22:08:00;2015-05-13 06:59:00;2015-05-14 23:20:00;-98;HSS
636;2015-06-08 02:50:00;2015-06-08 05:52:00;2015-06-08 07:45:00;2015-06-09 12:48:00;-105;HSS
637;2015-06-22 09:01:00;2015-06-22 12:02:00;2015-06-22 16:15:00;2015-06-22 17:57:00;-50;Undefined
638;2015-06-22 16:15:00;2015-06-22 19:17:00;2015-06-23 04:26:00;2015-06-24 13:24:00;-208;ICME
639;2015-06-25 02:36:00;2015-06-25 05:38:00;2015-06-25 19:46:00;2015-06-27 03:12:00;-90;ICME
640;2015-07-04 13:12:00;2015-07-04 20:52:00;2015-07-05 04:52:00;2015-07-08 07:29:00;-87;HSS
641;2015-07-12 22:38:00;2015-07-13 01:39:00;2015-07-13 10:54:00;2015-07-14 11:34:00;-71;ICME
642;2015-07-22 22:53:00;2015-07-23 01:57:00;2015-07-23 07:28:00;2015-07-26 13:03:00;-83;Undefined
643;2015-07-30 18:54:00;2015-07-30 21:58:00;2015-07-31 02:59:00;2015-07-31 06:22:00;-52;HSS
644;2015-08-15 07:34:00;2015-08-15 10:57:00;2015-08-16 07:37:00;2015-08-16 18:41:00;-94;ICME
645;2015-08-18 20:30:00;2015-08-18 23:37:00;2015-08-19 06:14:00;2015-08-19 14:55:00;-57;HSS
646;2015-08-23 04:26:00;2015-08-23 07:26:00;2015-08-23 08:34:00;2015-08-24 01:51:00;-62;HSS
647;2015-08-26 01:46:00;2015-08-26 04:46:00;2015-08-26 09:24:00;2015-08-26 13:09:00;-60;ICME
648;2015-08-26 10:12:00;2015-08-26 13:13:00;2015-08-27 20:32:00;2015-08-29 22:26:00;-101;Undefined
649;2015-09-07 10:13:00;2015-09-07 13:16:00;2015-09-08 01:49:00;2015-09-08 09:36:00;-91;ICME
650;2015-09-08 18:44:00;2015-09-08 21:46:00;2015-09-09 08:03:00;2015-09-10 15:42:00;-113;ICME
651;2015-09-11 04:18:00;2015-09-11 07:18:00;2015-09-11 14:21:00;2015-09-14 02:31:00;-95;HSS
652;2015-09-20 03:17:00;2015-09-20 06:20:00;2015-09-20 11:05:00;2015-09-21 10:17:00;-84;ICME
653;2015-10-03 21:05:00;2015-10-04 00:21:00;2015-10-04 07:33:00;2015-10-04 21:03:00;-52;HSS
654;2015-10-06 23:09:00;2015-10-07 02:43:00;2015-10-07 22:23:00;2015-10-10 09:42:00;-124;HSS
655;2015-10-13 16:22:00;2015-10-13 19:24:00;2015-10-14 06:05:00;2015-10-14 09:53:00;-52;HSS
656;2015-11-03 01:35:00;2015-11-03 08:09:00;2015-11-03 12:43:00;2015-11-04 03:54:00;-60;HSS
657;2015-11-04 01:03:00;2015-11-04 04:05:00;2015-11-04 13:01:00;2015-11-04 19:38:00;-67;ICME
658;2015-11-06 18:17:00;2015-11-06 23:17:00;2015-11-07 06:05:00;2015-11-08 03:49:00;-106;ICME
659;2015-11-10 08:59:00;2015-11-10 12:06:00;2015-11-10 16:23:00;2015-11-13 03:23:00;-61;Undefined
660;2015-12-14 13:21:00;2015-12-14 16:22:00;2015-12-14 19:04:00;2015-12-15 17:43:00;-60;HSS
661;2015-12-20 02:24:00;2015-12-20 05:25:00;2015-12-20 22:49:00;2015-12-21 21:53:00;-170;ICME
662;2015-12-31 08:50:00;2015-12-31 12:00:00;2016-01-01 01:07:00;2016-01-02 06:32:00;-117;ICME
663;2016-01-20 02:27:00;2016-01-20 05:38:00;2016-01-20 16:42:00;2016-01-22 17:30:00;-95;Undefined
664;2016-01-31 11:27:00;2016-01-31 14:33:00;2016-02-01 08:41:00;2016-02-01 14:49:00;-52;Undefined
665;2016-02-02 17:49:00;2016-02-02 20:57:00;2016-02-03 02:52:00;2016-02-03 11:15:00;-60;Undefined
666;2016-02-16 12:13:00;2016-02-16 15:18:00;2016-02-18 00:28:00;2016-02-20 12:51:00;-60;HSS
668;2016-03-14 18:18:00;2016-03-14 21:20:00;2016-03-15 07:18:00;2016-03-16 09:19:00;-62;ICME
669;2016-03-16 13:58:00;2016-03-16 17:11:00;2016-03-16 23:41:00;2016-03-18 05:57:00;-69;HSS
670;2016-03-18 13:29:00;2016-03-18 16:32:00;2016-03-19 08:47:00;2016-03-20 10:26:00;-58;Undefined
671;2016-04-02 13:01:00;2016-04-02 16:19:00;2016-04-02 22:49:00;2016-04-03 15:13:00;-66;ICME
672;2016-04-07 15:36:00;2016-04-07 18:40:00;2016-04-08 00:27:00;2016-04-09 04:47:00;-67;Undefined
673;2016-04-12 16:55:00;2016-04-12 20:01:00;2016-04-13 01:08:00;2016-04-14 07:39:00;-70;HSS
674;2016-04-14 04:39:00;2016-04-14 07:40:00;2016-04-14 20:30:00;2016-04-15 12:59:00;-68;ICME
675;2016-04-16 09:49:00;2016-04-16 13:02:00;2016-04-16 20:47:00;2016-04-17 02:12:00;-64;Undefined
676;2016-05-01 14:05:00;2016-05-01 17:09:00;2016-05-02 03:19:00;2016-05-02 14:55:00;-56;HSS
677;2016-05-07 22:28:00;2016-05-08 01:37:00;2016-05-08 08:15:00;2016-05-11 14:47:00;-105;HSS
678;2016-06-05 16:22:00;2016-06-05 19:29:00;2016-06-06 06:47:00;2016-06-06 22:09:00;-55;HSS
679;2016-07-24 21:33:00;2016-07-25 00:33:00;2016-07-25 17:17:00;2016-07-26 01:20:00;-51;ICME
680;2016-08-03 01:58:00;2016-08-03 05:06:00;2016-08-03 06:49:00;2016-08-03 08:46:00;-63;HSS
681;2016-08-03 05:46:00;2016-08-03 08:50:00;2016-08-03 10:37:00;2016-08-04 10:45:00;-58;HSS
682;2016-08-23 09:08:00;2016-08-23 12:13:00;2016-08-23 21:13:00;2016-08-25 06:22:00;-83;HSS
683;2016-08-31 21:14:00;2016-09-01 00:15:00;2016-09-01 09:30:00;2016-09-01 16:25:00;-57;HSS
684;2016-09-01 14:34:00;2016-09-01 17:47:00;2016-09-02 01:53:00;2016-09-02 19:57:00;-74;HSS
685;2016-09-02 16:58:00;2016-09-02 19:58:00;2016-09-03 04:28:00;2016-09-05 12:51:00;-54;HSS
686;2016-09-26 19:47:00;2016-09-26 22:47:00;2016-09-27 09:07:00;2016-09-27 16:44:00;-51;HSS
687;2016-09-28 10:09:00;2016-09-28 13:14:00;2016-09-29 09:32:00;2016-09-30 10:19:00;-64;HSS
688;2016-09-30 07:11:00;2016-09-30 10:20:00;2016-10-01 00:01:00;2016-10-02 17:09:00;-51;HSS
689;2016-10-03 14:26:00;2016-10-03 17:34:00;2016-10-04 04:19:00;2016-10-04 15:07:00;-57;HSS
690;2016-10-12 22:11:00;2016-10-13 06:22:00;2016-10-13 23:45:00;2016-10-14 20:01:00;-114;ICME
691;2016-10-24 15:58:00;2016-10-24 19:03:00;2016-10-25 22:56:00;2016-10-28 17:46:00;-81;HSS
692;2016-10-28 14:38:00;2016-10-28 17:47:00;2016-10-29 07:25:00;2016-11-01 18:09:00;-78;HSS
693;2016-11-02 07:23:00;2016-11-02 10:52:00;2016-11-03 08:51:00;2016-11-03 20:04:00;-52;Undefined
694;2016-11-10 07:01:00;2016-11-10 10:09:00;2016-11-10 15:21:00;2016-11-11 12:53:00;-55;ICME
695;2016-11-24 00:13:00;2016-11-24 03:29:00;2016-11-25 06:38:00;2016-11-26 11:07:00;-53;HSS
696;2016-12-21 10:26:00;2016-12-21 13:28:00;2016-12-23 21:07:00;2016-12-24 21:42:00;-55;HSS
697;2017-03-01 10:44:00;2017-03-01 13:50:00;2017-03-01 22:17:00;2017-03-03 22:10:00;-74;HSS
698;2017-03-27 00:24:00;2017-03-27 03:44:00;2017-03-27 14:45:00;2017-04-01 03:27:00;-86;HSS
699;2017-04-04 02:03:00;2017-04-04 05:11:00;2017-04-04 07:06:00;2017-04-04 13:46:00;-50;ICME
700;2017-04-21 15:19:00;2017-04-21 20:03:00;2017-04-22 23:58:00;2017-04-24 06:36:00;-53;HSS
701;2017-05-27 20:00:00;2017-05-27 23:00:00;2017-05-28 07:13:00;2017-05-29 08:00:00;-142;ICME
702;2017-07-16 05:58:00;2017-07-16 10:12:00;2017-07-16 15:51:00;2017-07-16 19:45:00;-67;ICME
703;2017-07-16 16:46:00;2017-07-16 19:46:00;2017-07-17 15:53:00;2017-07-19 16:00:00;-60;HSS
704;2017-08-22 15:50:00;2017-08-22 19:36:00;2017-08-23 12:35:00;2017-08-24 15:05:00;-52;ICME
705;2017-08-31 05:31:00;2017-08-31 08:32:00;2017-08-31 11:48:00;2017-08-31 23:59:00;-64;HSS
706;2017-09-07 20:03:00;2017-09-07 23:04:00;2017-09-08 01:09:00;2017-09-08 11:19:00;-146;ICME
707;2017-09-08 08:16:00;2017-09-08 11:20:00;2017-09-08 13:55:00;2017-09-10 18:39:00;-115;HSS
708;2017-09-12 20:04:00;2017-09-12 23:10:00;2017-09-13 00:12:00;2017-09-13 03:39:00;-65;Undefined
709;2017-09-27 16:04:00;2017-09-27 19:15:00;2017-09-28 05:55:00;2017-09-29 07:07:00;-74;HSS
710;2017-10-13 06:06:00;2017-10-13 09:20:00;2017-10-14 05:36:00;2017-10-16 07:58:00;-68;HSS
711;2017-11-07 04:58:00;2017-11-07 07:58:00;2017-11-08 04:04:00;2017-11-11 18:59:00;-89;HSS
712;2017-11-20 23:44:00;2017-11-21 02:44:00;2017-11-21 06:50:00;2017-11-22 01:58:00;-60;HSS
713;2018-02-27 07:37:00;2018-02-27 10:42:00;2018-02-27 13:03:00;2018-02-27 21:28:00;-60;ICME
714;2018-03-18 14:30:00;2018-03-18 17:32:00;2018-03-18 21:42:00;2018-03-19 12:13:00;-53;HSS
715;2018-04-20 00:20:00;2018-04-20 04:12:00;2018-04-20 09:35:00;2018-04-22 15:08:00;-86;ICME
716;2018-05-05 18:01:00;2018-05-05 21:06:00;2018-05-06 02:31:00;2018-05-07 08:17:00;-66;Undefined
717;2018-08-25 14:45:00;2018-08-25 17:46:00;2018-08-26 07:11:00;2018-08-27 10:07:00;-206;ICME
718;2018-09-10 16:57:00;2018-09-10 20:00:00;2018-09-11 10:07:00;2018-09-12 10:16:00;-64;HSS
719;2018-10-07 07:32:00;2018-10-07 12:14:00;2018-10-07 21:53:00;2018-10-10 09:13:00;-56;HSS
720;2018-11-04 22:33:00;2018-11-05 01:35:00;2018-11-05 06:02:00;2018-11-06 19:20:00;-66;HSS
721;2019-05-10 17:54:00;2019-05-10 22:40:00;2019-05-11 03:03:00;2019-05-12 13:12:00;-57;ICME
722;2019-05-14 01:05:00;2019-05-14 04:05:00;2019-05-14 07:54:00;2019-05-15 03:33:00;-80;ICME
723;2019-08-05 03:35:00;2019-08-05 06:41:00;2019-08-05 09:12:00;2019-08-07 06:01:00;-64;HSS
724;2019-08-31 08:03:00;2019-08-31 11:04:00;2019-09-01 06:27:00;2019-09-03 17:59:00;-63;HSS
725;2019-09-04 17:16:00;2019-09-04 20:17:00;2019-09-05 05:12:00;2019-09-05 16:34:00;-51;Undefined
726;2019-09-27 13:49:00;2019-09-27 16:52:00;2019-09-27 23:08:00;2019-09-28 16:31:00;-61;HSS
727;2019-09-30 20:48:00;2019-09-30 23:50:00;2019-10-01 06:50:00;2019-10-01 23:20:00;-51;HSS
728;2019-10-24 16:13:00;2019-10-24 19:16:00;2019-10-25 06:51:00;2019-10-29 19:35:00;-55;HSS
729;2020-04-20 05:32:00;2020-04-20 08:50:00;2020-04-20 12:50:00;2020-04-20 22:09:00;-68;ICME
730;2020-07-24 08:27:00;2020-07-24 11:39:00;2020-07-25 01:23:00;2020-07-25 08:48:00;-67;Undefined
731;2020-08-30 13:41:00;2020-08-30 16:48:00;2020-08-31 00:56:00;2020-08-31 09:16:00;-60;Undefined
732;2020-09-25 15:52:00;2020-09-25 18:55:00;2020-09-25 23:12:00;2020-09-26 11:56:00;-66;Undefined
733;2020-09-27 10:11:00;2020-09-27 14:37:00;2020-09-27 21:26:00;2020-09-29 04:58:00;-68;HSS
734;2020-10-23 17:13:00;2020-10-23 20:31:00;2020-10-24 04:54:00;2020-10-24 19:57:00;-50;HSS
735;2021-01-11 09:31:00;2021-01-11 14:24:00;2021-01-11 22:52:00;2021-01-12 17:16:00;-54;HSS
736;2021-02-24 11:48:00;2021-02-24 15:12:00;2021-02-24 23:40:00;2021-02-25 13:29:00;-53;HSS
737;2021-02-28 22:48:00;2021-03-01 01:51:00;2021-03-01 06:03:00;2021-03-02 06:39:00;-80;HSS
738;2021-03-02 13:57:00;2021-03-02 17:00:00;2021-03-03 04:39:00;2021-03-03 16:23:00;-55;HSS
739;2021-03-20 03:31:00;2021-03-20 06:43:00;2021-03-20 09:08:00;2021-03-21 07:30:00;-60;HSS
740;2021-04-16 13:37:00;2021-04-16 16:39:00;2021-04-17 05:22:00;2021-04-18 18:40:00;-61;HSS
741;2021-04-25 17:58:00;2021-04-25 20:59:00;2021-04-26 06:01:00;2021-04-26 19:42:00;-58;HSS
742;2021-05-12 06:37:00;2021-05-12 13:03:00;2021-05-12 14:47:00;2021-05-13 11:41:00;-59;ICME
743;2021-07-22 01:14:00;2021-07-22 04:25:00;2021-07-22 12:01:00;2021-07-23 04:10:00;-52;Undefined
744;2021-08-27 10:12:00;2021-08-27 13:13:00;2021-08-28 00:25:00;2021-08-29 02:41:00;-90;ICME
745;2021-09-17 15:41:00;2021-09-17 18:57:00;2021-09-17 21:21:00;2021-09-18 12:08:00;-73;Undefined
746;2021-10-11 23:29:00;2021-10-12 02:31:00;2021-10-12 04:10:00;2021-10-12 09:47:00;-70;ICME
747;2021-10-12 06:46:00;2021-10-12 09:50:00;2021-10-12 14:38:00;2021-10-13 15:09:00;-77;ICME
748;2021-10-17 05:19:00;2021-10-17 08:20:00;2021-10-18 00:39:00;2021-10-18 11:18:00;-65;Undefined
749;2021-11-03 19:47:00;2021-11-04 00:45:00;2021-11-04 12:44:00;2021-11-05 05:00:00;-118;ICME
750;2021-11-06 07:26:00;2021-11-06 11:01:00;2021-11-06 15:46:00;2021-11-07 00:35:00;-52;Undefined
751;2021-11-30 18:20:00;2021-11-30 21:25:00;2021-12-01 14:39:00;2021-12-03 05:45:00;-60;HSS
752;2021-12-19 14:41:00;2021-12-19 17:43:00;2021-12-19 19:58:00;2021-12-20 00:08:00;-60;HSS
753;2022-01-14 13:08:00;2022-01-14 16:13:00;2022-01-14 22:17:00;2022-01-16 19:11:00;-101;HSS
755;2022-02-03 00:56:00;2022-02-03 04:06:00;2022-02-03 10:55:00;2022-02-03 20:18:00;-80;ICME
756;2022-02-03 21:35:00;2022-02-04 00:35:00;2022-02-04 20:58:00;2022-02-05 16:40:00;-71;ICME
757;2022-02-10 11:45:00;2022-02-10 14:47:00;2022-02-10 18:43:00;2022-02-11 10:30:00;-68;ICME
758;2022-03-05 07:05:00;2022-03-05 10:16:00;2022-03-05 19:41:00;2022-03-07 13:46:00;-60;HSS
759;2022-03-11 17:02:00;2022-03-11 20:16:00;2022-03-12 05:51:00;2022-03-12 15:02:00;-57;Undefined
760;2022-03-13 10:46:00;2022-03-13 16:25:00;2022-03-13 18:09:00;2022-03-13 22:12:00;-75;ICME
761;2022-03-13 18:55:00;2022-03-13 22:13:00;2022-03-13 23:37:00;2022-03-15 01:18:00;-114;ICME
762;2022-04-01 22:11:00;2022-04-02 01:15:00;2022-04-02 07:05:00;2022-04-02 20:08:00;-59;HSS
763;2022-04-10 00:38:00;2022-04-10 03:46:00;2022-04-10 06:44:00;2022-04-11 06:46:00;-67;HSS
764;2022-04-13 23:11:00;2022-04-14 02:22:00;2022-04-14 22:39:00;2022-04-15 04:26:00;-86;ICME
765;2022-05-27 16:42:00;2022-05-27 19:49:00;2022-05-28 07:15:00;2022-05-28 22:27:00;-59;HSS
766;2022-06-25 08:58:00;2022-06-25 12:03:00;2022-06-26 01:02:00;2022-06-26 08:17:00;-55;HSS
767;2022-07-01 22:10:00;2022-07-02 01:15:00;2022-07-02 07:08:00;2022-07-02 21:48:00;-67;Undefined
768;2022-07-07 06:56:00;2022-07-07 13:34:00;2022-07-08 02:15:00;2022-07-08 07:45:00;-85;ICME
769;2022-07-18 21:20:00;2022-07-19 07:03:00;2022-07-19 12:20:00;2022-07-20 09:18:00;-65;ICME
770;2022-08-07 18:12:00;2022-08-07 21:23:00;2022-08-08 07:42:00;2022-08-10 19:58:00;-69;HSS
771;2022-08-17 15:08:00;2022-08-17 18:09:00;2022-08-17 21:42:00;2022-08-19 17:31:00;-64;HSS
772;2022-08-19 14:34:00;2022-08-19 17:35:00;2022-08-20 00:52:00;2022-08-20 17:03:00;-52;ICME
773;2022-09-03 22:51:00;2022-09-04 01:59:00;2022-09-04 10:34:00;2022-09-07 09:33:00;-71;HSS
774;2022-10-14 03:53:00;2022-10-14 06:54:00;2022-10-14 10:43:00;2022-10-14 20:49:00;-78;HSS
776;2022-10-28 20:49:00;2022-10-28 23:49:00;2022-10-29 08:23:00;2022-10-29 19:10:00;-55;HSS
777;2022-11-01 22:02:00;2022-11-02 01:14:00;2022-11-03 16:57:00;2022-11-06 23:18:00;-80;HSS
778;2022-11-07 07:35:00;2022-11-07 10:36:00;2022-11-07 17:20:00;2022-11-09 03:23:00;-117;ICME
779;2022-11-27 11:24:00;2022-11-27 14:29:00;2022-11-28 05:48:00;2022-11-30 11:24:00;-61;HSS
780;2022-11-30 10:18:00;2022-11-30 13:18:00;2022-11-30 19:18:00;2022-12-02 23:48:00;-80;HSS
781;2022-12-07 07:34:00;2022-12-07 10:35:00;2022-12-07 16:45:00;2022-12-08 01:43:00;-68;HSS
782;2022-12-26 07:07:00;2022-12-26 10:07:00;2022-12-27 08:02:00;2022-12-28 22:51:00;-73;Undefined
783;2022-12-29 22:18:00;2022-12-30 01:24:00;2022-12-30 10:11:00;2023-01-01 07:37:00;-57;HSS
784;2023-01-03 20:24:00;2023-01-03 23:29:00;2023-01-04 09:04:00;2023-01-04 16:18:00;-74;ICME
785;2023-01-13 16:12:00;2023-01-13 19:18:00;2023-01-15 09:33:00;2023-01-16 01:41:00;-56;HSS
786;2023-02-08 18:45:00;2023-02-08 21:50:00;2023-02-10 02:45:00;2023-02-11 20:07:00;-59;HSS
787;2023-02-15 01:31:00;2023-02-15 04:38:00;2023-02-15 14:31:00;2023-02-16 03:41:00;-78;Undefined
788;2023-02-16 00:39:00;2023-02-16 03:42:00;2023-02-16 07:01:00;2023-02-17 22:25:00;-67;HSS
789;2023-02-21 01:09:00;2023-02-21 04:10:00;2023-02-21 12:03:00;2023-02-21 19:49:00;-64;Undefined
790;2023-02-26 17:22:00;2023-02-26 20:36:00;2023-02-27 12:12:00;2023-03-01 02:13:00;-161;ICME
791;2023-03-09 02:10:00;2023-03-09 05:19:00;2023-03-09 09:02:00;2023-03-09 16:30:00;-53;Undefined
792;2023-03-15 18:12:00;2023-03-15 21:15:00;2023-03-15 22:54:00;2023-03-16 00:25:00;-60;ICME
793;2023-03-23 07:34:00;2023-03-23 10:44:00;2023-03-24 05:21:00;2023-03-25 03:03:00;-170;ICME
794;2023-04-23 05:57:00;2023-04-23 09:00:00;2023-04-24 04:03:00;2023-04-24 22:52:00;-233;ICME
795;2023-05-05 23:16:00;2023-05-06 02:30:00;2023-05-06 05:11:00;2023-05-06 18:32:00;-108;ICME
796;2023-05-19 20:13:00;2023-05-19 23:16:00;2023-05-20 07:11:00;2023-05-21 10:17:00;-82;HSS
797;2023-05-21 15:53:00;2023-05-21 18:57:00;2023-05-22 02:17:00;2023-05-22 12:32:00;-62;Undefined
798;2023-05-31 18:03:00;2023-05-31 21:03:00;2023-06-01 08:37:00;2023-06-02 21:20:00;-57;Undefined
799;2023-06-15 12:37:00;2023-06-15 16:05:00;2023-06-16 09:09:00;2023-06-21 10:31:00;-84;HSS
800;2023-06-21 17:57:00;2023-06-21 21:07:00;2023-06-24 05:53:00;2023-06-24 20:06:00;-50;Undefined
801;2023-06-24 17:16:00;2023-06-24 20:18:00;2023-06-25 01:37:00;2023-06-28 22:09:00;-66;Undefined
802;2023-06-29 04:31:00;2023-06-29 07:37:00;2023-06-29 20:49:00;2023-06-30 23:59:00;-54;Undefined
803;2023-07-13 23:47:00;2023-07-14 02:47:00;2023-07-14 06:09:00;2023-07-14 16:10:00;-50;Undefined
804;2023-07-14 13:15:00;2023-07-14 16:34:00;2023-07-14 21:45:00;2023-07-15 03:25:00;-50;ICME
805;2023-07-16 17:27:00;2023-07-16 20:39:00;2023-07-16 23:22:00;2023-07-17 06:16:00;-60;Undefined
806;2023-07-17 03:24:00;2023-07-17 06:30:00;2023-07-17 11:42:00;2023-07-18 11:47:00;-53;Undefined
807;2023-07-25 22:29:00;2023-07-26 05:08:00;2023-07-26 07:54:00;2023-07-27 05:26:00;-67;Undefined
808;2023-08-04 17:52:00;2023-08-04 20:52:00;2023-08-05 01:50:00;2023-08-05 02:55:00;-57;Undefined
809;2023-08-04 23:57:00;2023-08-05 02:58:00;2023-08-05 05:46:00;2023-08-06 16:52:00;-103;Undefined
810;2023-09-02 01:33:00;2023-09-02 04:36:00;2023-09-02 10:19:00;2023-09-02 23:08:00;-75;Undefined
811;2023-09-03 04:30:00;2023-09-03 07:31:00;2023-09-03 08:55:00;2023-09-03 21:10:00;-50;Undefined
812;2023-09-12 11:18:00;2023-09-12 14:45:00;2023-09-12 22:02:00;2023-09-14 04:03:00;-84;Undefined
813;2023-09-18 12:39:00;2023-09-18 16:24:00;2023-09-19 02:50:00;2023-09-20 06:20:00;-96;Undefined
814;2023-09-24 18:31:00;2023-09-24 21:46:00;2023-09-25 02:23:00;2023-09-25 07:32:00;-73;Undefined
815;2023-09-25 22:56:00;2023-09-26 02:05:00;2023-09-26 20:12:00;2023-09-27 00:18:00;-61;Undefined
816;2023-09-28 23:06:00;2023-09-29 02:09:00;2023-09-29 10:28:00;2023-09-29 16:44:00;-55;ICME
817;2023-09-30 01:44:00;2023-09-30 04:44:00;2023-10-01 00:01:00;2023-10-02 23:43:00;-55;Undefined
818;2023-10-04 17:29:00;2023-10-04 20:30:00;2023-10-05 03:19:00;2023-10-05 22:27:00;-60;Undefined
819;2023-10-18 11:55:00;2023-10-18 14:56:00;2023-10-19 08:46:00;2023-10-19 23:40:00;-50;HSS
820;2023-10-20 13:37:00;2023-10-20 16:37:00;2023-10-21 07:28:00;2023-10-23 11:07:00;-108;Undefined
821;2023-10-26 04:08:00;2023-10-26 07:24:00;2023-10-27 06:15:00;2023-10-27 21:15:00;-62;HSS
822;2023-10-28 01:23:00;2023-10-28 04:53:00;2023-10-29 05:20:00;2023-10-31 23:59:00;-67;HSS
823;2023-11-04 15:31:00;2023-11-04 18:33:00;2023-11-04 23:06:00;2023-11-05 06:04:00;-59;Undefined
824;2023-11-05 06:30:00;2023-11-05 09:41:00;2023-11-05 16:54:00;2023-11-06 17:25:00;-189;ICME
825;2023-11-21 10:13:00;2023-11-21 13:17:00;2023-11-22 06:42:00;2023-11-23 18:49:00;-73;HSS
826;2023-11-25 05:55:00;2023-11-25 08:57:00;2023-11-25 19:05:00;2023-11-27 00:46:00;-109;ICME
827;2023-12-01 07:18:00;2023-12-01 10:21:00;2023-12-01 13:30:00;2023-12-03 16:21:00;-136;Undefined
828;2023-12-13 19:23:00;2023-12-13 22:48:00;2023-12-14 08:39:00;2023-12-15 11:47:00;-86;Undefined
829;2023-12-16 16:19:00;2023-12-16 19:47:00;2023-12-17 16:18:00;2023-12-18 05:41:00;-92;Undefined
830;2023-12-18 02:59:00;2023-12-18 05:59:00;2023-12-18 08:20:00;2023-12-18 23:06:00;-98;ICME
831;2024-03-03 09:56:00;2024-03-03 13:29:00;2024-03-03 18:00:00;2024-03-05 01:30:00;-128;ICME
832;2024-03-21 02:49:00;2024-03-21 12:18:00;2024-03-21 19:35:00;2024-03-22 11:10:00;-81;ICME
833;2024-03-23 14:31:00;2024-03-23 17:31:00;2024-03-23 21:33:00;2024-03-24 14:36:00;-92;HSS
834;2024-03-24 12:00:00;2024-03-24 15:01:00;2024-03-24 16:21:00;2024-03-25 05:19:00;-174;ICME
835;2024-03-25 02:12:00;2024-03-25 05:20:00;2024-03-25 06:58:00;2024-03-27 07:41:00;-82;Undefined
836;2024-04-15 19:52:00;2024-04-15 22:53:00;2024-04-16 21:59:00;2024-04-17 09:04:00;-77;Undefined
837;2024-04-19 03:55:00;2024-04-19 07:05:00;2024-04-19 19:21:00;2024-04-20 20:12:00;-139;ICME
838;2024-04-25 23:18:00;2024-04-26 02:37:00;2024-04-26 16:52:00;2024-04-27 11:24:00;-52;Undefined
839;2024-05-02 08:38:00;2024-05-02 11:38:00;2024-05-02 19:43:00;2024-05-04 15:52:00;-100;HSS
840;2024-05-05 16:33:00;2024-05-05 19:38:00;2024-05-06 01:12:00;2024-05-06 09:52:00;-66;Undefined
841;2024-05-10 14:40:00;2024-05-10 18:03:00;2024-05-11 02:14:00;2024-05-12 04:20:00;-518;ICME
842;2024-05-19 17:32:00;2024-05-19 20:32:00;2024-05-20 07:25:00;2024-05-20 13:31:00;-58;Undefined
843;2024-05-23 04:42:00;2024-05-23 07:58:00;2024-05-24 06:24:00;2024-05-24 22:44:00;-54;Undefined
844;2024-05-30 23:09:00;2024-05-31 02:12:00;2024-05-31 05:28:00;2024-05-31 19:55:00;-56;ICME
845;2024-06-10 17:18:00;2024-06-11 00:36:00;2024-06-11 03:43:00;2024-06-11 13:39:00;-53;Undefined
846;2024-06-27 18:06:00;2024-06-27 21:07:00;2024-06-28 12:06:00;2024-06-29 15:04:00;-119;ICME
847;2024-06-29 21:43:00;2024-06-30 00:45:00;2024-06-30 16:41:00;2024-07-02 16:09:00;-53;Undefined
848;2024-07-26 00:30:00;2024-07-26 03:32:00;2024-07-26 06:54:00;2024-07-28 05:57:00;-70;Undefined
849;2024-07-29 23:59:00;2024-07-30 05:41:00;2024-07-30 11:16:00;2024-07-31 12:21:00;-54;Undefined
850;2024-08-04 00:12:00;2024-08-04 03:15:00;2024-08-04 17:04:00;2024-08-05 21:51:00;-118;ICME
851;2024-08-11 23:22:00;2024-08-12 02:22:00;2024-08-12 16:52:00;2024-08-13 14:09:00;-216;ICME
852;2024-08-27 19:51:00;2024-08-27 22:58:00;2024-08-28 06:25:00;2024-08-29 03:02:00;-95;Undefined
853;2024-08-30 07:21:00;2024-08-30 10:28:00;2024-08-31 06:22:00;2024-08-31 16:39:00;-84;Undefined
854;2024-08-31 14:56:00;2024-08-31 17:57:00;2024-09-01 00:51:00;2024-09-01 11:27:00;-53;HSS
855;2024-09-12 03:45:00;2024-09-12 07:03:00;2024-09-12 20:31:00;2024-09-13 22:50:00;-130;ICME
856;2024-09-16 20:36:00;2024-09-16 23:37:00;2024-09-17 04:24:00;2024-09-18 07:45:00;-144;ICME
857;2024-09-24 19:49:00;2024-09-24 22:56:00;2024-09-25 05:28:00;2024-09-26 21:43:00;-69;HSS
858;2024-10-06 23:57:00;2024-10-07 07:59:00;2024-10-08 07:44:00;2024-10-09 10:21:00;-155;ICME
859;2024-10-10 13:06:00;2024-10-10 16:09:00;2024-10-10 23:14:00;2024-10-11 23:07:00;-390;ICME
860;2024-11-08 15:42:00;2024-11-08 18:44:00;2024-11-09 12:37:00;2024-11-10 08:24:00;-109;ICME
861;2024-11-14 12:31:00;2024-11-14 15:40:00;2024-11-14 21:29:00;2024-11-16 16:04:00;-50;Undefined